,Player,Avg Runs (Last 4 Years),Avg SR (Last 4 Years),Avg Runs (Last 4 Matches),Avg SR (Last 4 Matches),Role,Team,Avg Wicket (Last 4 Years),Avg Econ (Last 4 Years),Avg Wickets (Last 4 Matches),Avg Econ (Last 4 Matches),Avg Catches (Last 4 Years),Bowling Type,Total_Matches,rvb_Aaron Hardie,rvb_Abrar Ahmed,rvb_Adam Zampa,rvb_Adil Rashid,rvb_Agha Salman,rvb_Aiden Markram,rvb_Arshdeep Singh,rvb_Axar Patel,rvb_Azmatullah Omarzai,rvb_B Sami,rvb_Ben Dwarshuis,rvb_Brydon Carse,rvb_C Connolly,rvb_Corbin Bosch,rvb_Daryl Mitchell,rvb_F Zaman,rvb_Faheem Ashraf,rvb_Farid Malik,rvb_Fazalhaq Farooqi,rvb_Glenn Maxwell,rvb_Glenn Phillips,rvb_Gulbadin Naib,rvb_Gus Atkinson,rvb_Hardik Pandya,rvb_Haris Rauf,rvb_Harry Brook,rvb_Heinrich Klaasen,rvb_Ibrahim Zadran,rvb_Jacob Duffy,rvb_Jamie Overton,rvb_Joe Root,rvb_Jofra Archer,rvb_Kagiso Rabada,rvb_Kamran Ghulam,rvb_Kane Williamson,rvb_Keshav Maharaj,rvb_Khushdil Shah,rvb_Kuldeep Yadav,rvb_Kyle Jamieson,rvb_Liam Livingstone,rvb_Lungi Ngidi,rvb_MR Hossain,rvb_Marco Jansen,rvb_Mark Chapman,rvb_Mark Wood,rvb_Marnus Labuschagne,rvb_Matt Henry,rvb_Matthew Short,rvb_Mehidy Hasan Miraz,rvb_Michael Bracewell,rvb_Mitchell Santner,rvb_Mohammad Hasnain,rvb_Mohammad Mahmudullah,rvb_Mohammad Nabi,rvb_Mohammed Shami,rvb_Mushfiqur Rahim,rvb_Mustafizur Rahman,rvb_Nahid Rana,rvb_Najmul Hossain Shanto,rvb_Nangeyalia Kharote,rvb_Naseem Shah,rvb_Nasum Ahmed,rvb_Nathan Ellis,rvb_Nathan Smith,rvb_Naveed Zadran,rvb_Noor Ahmad,rvb_Rachin Ravindra,rvb_Rahmanullah Gurbaz,rvb_Rahmat Shah,rvb_Rashid Khan,rvb_Rassie van der Dussen,rvb_Ravindra Jadeja,rvb_Saqib Mahmood,rvb_Sean Abbott,rvb_Shaheen Shah Afridi,rvb_Shreyas Iyer,rvb_Soumya Sarkar,rvb_Spencer Johnson,rvb_Steven Smith,rvb_Tabraiz Shamsi,rvb_Tanveer Sangha,rvb_Tanzim Sakib,rvb_Taskin Ahmed,rvb_Tawhid Hridoy,rvb_Temba Bavuma,rvb_Travis Head,rvb_Varun Chakravarthy,rvb_Virat Kohli,rvb_Washington Sundar,rvb_Wiaan Mulder,rvb_William O'Rourke,wvi_Aaron Hardie,wvi_Abrar Ahmed,wvi_Adam Zampa,wvi_Adil Rashid,wvi_Agha Salman,wvi_Aiden Markram,wvi_Arshdeep Singh,wvi_Axar Patel,wvi_Azmatullah Omarzai,wvi_B Sami,wvi_Ben Dwarshuis,wvi_Brydon Carse,wvi_C Connolly,wvi_Corbin Bosch,wvi_Daryl Mitchell,wvi_F Zaman,wvi_Faheem Ashraf,wvi_Farid Malik,wvi_Fazalhaq Farooqi,wvi_Glenn Maxwell,wvi_Glenn Phillips,wvi_Gulbadin Naib,wvi_Gus Atkinson,wvi_Hardik Pandya,wvi_Haris Rauf,wvi_Harry Brook,wvi_Heinrich Klaasen,wvi_Ibrahim Zadran,wvi_Jacob Duffy,wvi_Jamie Overton,wvi_Joe Root,wvi_Jofra Archer,wvi_Kagiso Rabada,wvi_Kamran Ghulam,wvi_Kane Williamson,wvi_Keshav Maharaj,wvi_Khushdil Shah,wvi_Kuldeep Yadav,wvi_Kyle Jamieson,wvi_Liam Livingstone,wvi_Lungi Ngidi,wvi_MR Hossain,wvi_Marco Jansen,wvi_Mark Chapman,wvi_Mark Wood,wvi_Marnus Labuschagne,wvi_Matt Henry,wvi_Matthew Short,wvi_Mehidy Hasan Miraz,wvi_Michael Bracewell,wvi_Mitchell Santner,wvi_Mohammad Hasnain,wvi_Mohammad Mahmudullah,wvi_Mohammad Nabi,wvi_Mohammed Shami,wvi_Mushfiqur Rahim,wvi_Mustafizur Rahman,wvi_Nahid Rana,wvi_Najmul Hossain Shanto,wvi_Nangeyalia Kharote,wvi_Naseem Shah,wvi_Nasum Ahmed,wvi_Nathan Ellis,wvi_Nathan Smith,wvi_Naveed Zadran,wvi_Noor Ahmad,wvi_Rachin Ravindra,wvi_Rahmanullah Gurbaz,wvi_Rahmat Shah,wvi_Rashid Khan,wvi_Rassie van der Dussen,wvi_Ravindra Jadeja,wvi_Saqib Mahmood,wvi_Sean Abbott,wvi_Shaheen Shah Afridi,wvi_Shreyas Iyer,wvi_Soumya Sarkar,wvi_Spencer Johnson,wvi_Steven Smith,wvi_Tabraiz Shamsi,wvi_Tanveer Sangha,wvi_Tanzim Sakib,wvi_Taskin Ahmed,wvi_Tawhid Hridoy,wvi_Temba Bavuma,wvi_Travis Head,wvi_Varun Chakravarthy,wvi_Virat Kohli,wvi_Washington Sundar,wvi_Wiaan Mulder,wvi_William O'Rourke
0,Aaron Hardie,18.0,81.01,14.5,56.76,ALL,AUS,0.78,3.76,0.75,7.58,0.31,medium pacers,13.0,,,,0.5789473684210527,,,0.0,0.0,,,,0.0,,,,,,,,,,,,,0.0,,,,,,,0.0,,,,,,,,0.0,,,0.0,,,,,,,,,0.0,,,,,,,,,1.7058823529411764,,,,,,,,,,,,0.0,,0.1304347826086956,,,,,0.0,,,,,,,,,,,,,,,0.0,,,1.0,0.5,,,,1.0,,,,,,,,,,,,,0.25,,,,,,,0.0,,,,,,,,0.0,,,1.0,,,,,,,,,0.5,,,,,,,,,0.0,,,,,,,,,,,,0.0,,0.25,,,,,0.0,,,,,,,,,,,
1,Abrar Ahmed,4.0,200.0,6.0,126.66,BOWL,PAK,2.4,4.35,0.75,5.12,0.56,medium pacers,9.0,,,,,,,,,,,,,,,,,,,,,,,,,,,,,,,,,,,,,,,,,,,,,,,0.0,,,,,,,,,,,,,,,,,,,,,,,,,,,,,,,,,,,,,,,,,,,,,,,,,,,,,,,,,,,,,,,,,,,,,,,,,,,,,,,,,,,,,,,,,,,0.0,,,,,,,,,,,,,,,,,,,,,,,,,,,,,,,,,,,,,,,,,,,,
2,Adam Zampa,7.3,65.93,14.75,75.66,BOWL,AUS,2.0,5.5,0.75,5.76,0.17,spinners,109.0,,,,0.0,,,0.0,,0.0,,,0.0,,,,,,,0.0,,,0.0,,0.0,0.0,,,,,,,0.0,0.5,,,0.0,,,,,1.4666666666666666,,,,0.0,,0.0,,,,0.0,0.0,,,0.0,,,,,,0.0,,,,,,,,,,,0.0,0.0,,0.3181818181818182,,,,,0.0,,,,,,,,,,,,,,,1.0,,,1.0,,1.0,,,0.0,,,,,,,0.0,,,0.0,,0.5,0.0,,,,,,,0.0,0.5,,,0.5,,,,,0.0,,,,0.3333333333333333,,0.0,,,,0.0,0.0,,,0.2,,,,,,0.5,,,,,,,,,,,0.5,0.0,,0.3333333333333333,,,,,0.0,,,,,,,,,,,
3,Adil Rashid,10.4,76.68,5.75,107.5,BOWL,ENG,1.35,5.67,2.0,5.95,0.39,spinners,147.0,0.0,,0.8235294117647058,,,,0.0,0.0,0.0,,,,0.0,,0.0,,,,0.0,0.5333333333333333,,,,0.6956521739130435,0.0,,,,,,,,0.0,,,,,0.0,0.0,,0.0,,,,,0.0,0.0,0.0,0.0,,0.0,,,,0.0,,0.0,,0.0,,,,,,,,,,,0.0,,0.0,,0.0,0.0,,,,,0.0,,,0.0,,,0.0,0.0,,,,,0.0,,0.0,,,,0.0,0.0,1.0,,,,0.0,,1.0,,,,0.0,0.3333333333333333,,,,0.1666666666666666,0.0,,,,,,,,0.25,,,,,0.0,0.0,,0.25,,,,,0.0,0.0,0.0,0.0,,1.0,,,,0.6666666666666666,,0.0,,0.0,,,,,,,,,,,1.0,,0.0,,0.0,0.0,,,,,0.5,,,0.0,,,1.0,0.0,,,,
4,Aiden Markram,35.68,98.62,31.75,87.4,ALL,SA,0.38,3.62,0.0,4.13,0.44,spinners,75.0,0.0,0.6071428571428571,1.2428571428571429,0.9466666666666668,0.6,,1.0588235294117647,0.9333333333333332,0.0,,,0.0,,,,,0.0,0.8823529411764706,1.4666666666666666,0.6666666666666666,0.0,0.0,0.0,1.121212121212121,1.3653846153846154,,,,,,0.0,0.0,,0.0,,,,0.4146341463414634,,1.2777777777777777,,,,,1.875,,,,0.95,,0.8888888888888888,1.0754716981132075,1.4705882352941178,1.0,0.0,,1.064516129032258,,,1.0285714285714285,0.0,0.5333333333333333,1.434782608695652,,0.0,1.5,,,,0.6046511627906976,,0.0,,1.2058823529411764,0.7796610169491526,0.0,,0.0,,,1.2083333333333333,,0.4375,,,0.75,0.0,,1.0666666666666669,,,0.0,0.5,0.125,0.2222222222222222,0.0,,0.3,0.3333333333333333,0.0,,,0.0,,,,,0.5,0.0,0.3333333333333333,0.0,0.0,0.0,0.0,0.1666666666666666,0.0,,,,,,0.0,1.0,,0.0,,,,0.5,,0.5,,,,,0.0,,,,0.0,,0.0,0.0,0.0,0.0,0.5,,0.0,,,0.0,0.0,0.0,0.0,,0.0,0.0,,,,0.5,,0.3333333333333333,,0.5,0.2,0.0,,0.0,,,0.3333333333333333,,0.75,,,0.0,1.0,,1.0,,
5,Alex Carey,26.57,77.52,50.0,98.74,WK,AUS,0.0,0.0,0.0,0.0,1.14,,78.0,,,,1.0656934306569343,,0.0,,0.0,,,,1.1142857142857143,,,,,0.0,,,,,,,0.0,0.0,,,,,,1.2352941176470589,0.8518518518518519,0.6764705882352942,,0.625,0.8518518518518519,0.0,0.943661971830986,,1.4074074074074074,0.6333333333333333,,1.6842105263157894,,0.589041095890411,,0.5333333333333333,,,0.0,0.7111111111111111,1.0,,,0.927536231884058,,0.0,,,,,,,,,,,,,,,0.7209302325581395,,,0.0,,0.0,,,1.2156862745098038,,,,,,,,,0.0,,,,,,0.3571428571428571,,0.0,,0.0,,,,0.25,,,,,0.3333333333333333,,,,,,,0.0,0.0,,,,,,0.0,0.1111111111111111,0.3333333333333333,,1.0,0.0,0.0,0.5454545454545454,,0.0,0.2222222222222222,,0.3333333333333333,,0.25,,0.0,,,0.0,0.25,0.5,,,0.2,,0.0,,,,,,,,,,,,,,,0.2857142857142857,,,0.0,,0.0,,,0.375,,,,,,,,,0.0,,
6,Arshdeep Singh,3.12,129.38,4.5,97.92,BOWL,IND,1.56,8.32,1.75,7.61,0.25,fast pacers,9.0,,,,0.0,,0.0,,,,,,,,,0.0,,,,0.0,,,,,,,,,,0.0,0.0,,0.0,,,,0.0,,,,0.0,,0.0,0.0,,,,,,,,0.0,,,,,,,,,,0.0,,0.0,,,,,,,,,,,,,,,,,,,,,,,,,,,,,,,,1.0,,0.0,,,,,,,,,1.0,,,,0.0,,,,,,,,,,0.0,0.0,,0.0,,,,0.0,,,,0.0,,1.0,0.0,,,,,,,,0.0,,,,,,,,,,0.0,,0.0,,,,,,,,,,,,,,,,,,,,,,,,,,,,
7,Axar Patel,21.95,81.51,16.25,86.33,ALL,IND,0.87,4.31,1.25,4.62,0.44,spinners,65.0,0.0,,0.0,0.0,,0.0,,,,,0.0,0.0,,,0.0,,,,,,,,,,0.0,,,,0.0,1.0555555555555556,,0.0,0.0,,,1.105263157894737,,,0.0,0.9444444444444444,0.0,0.0,0.8666666666666667,,0.0,,0.0,,0.8235294117647058,,0.8666666666666667,,0.0,,,,0.96,,,,0.0,1.24,0.625,,,,1.0,,,,,,,0.0,0.0,,,,,0.0,0.0,0.0,0.0,,,,,,,,,0.0,,0.0,0.0,,0.3333333333333333,,,,,0.5,0.0,,,0.3333333333333333,,,,,,,,,,0.0,,,,0.0,0.25,,0.3333333333333333,0.0,,,0.0,,,0.0,0.3333333333333333,0.0,0.0,0.25,,0.0,,0.0,,0.0,,0.0,,0.0,,,,0.2,,,,1.0,0.0,0.25,,,,0.5,,,,,,,0.5,0.0,,,,,0.0,0.0,0.0,1.0,,,,,,,,
8,Azmatullah Omarzai,33.2,82.09,33.5,80.78,ALL,AFG,0.85,5.39,2.0,4.66,0.19,medium pacers,37.0,,,0.0,0.8947368421052632,,1.45,0.0,0.0,,,,,,,,,,,,0.0,0.0,,,0.0,0.0,,,,,0.0,,0.0,0.6666666666666666,,,0.3214285714285714,0.0,1.1666666666666667,,0.8888888888888888,1.6857142857142855,0.0,0.0,,0.0,,0.0,,1.0227272727272727,,0.0,0.0,,,,,0.7586206896551724,0.0,,,0.0,0.4210526315789473,,,,,1.2777777777777777,,,,,0.9615384615384616,,,,,0.0,,,,,,0.8928571428571429,,,,,,0.0,1.173913043478261,,,,1.0,0.0,,0.0,0.0,0.0,,,,,,,,,,,,0.0,0.0,,,0.5,0.5,,,,,1.0,,0.0,0.3333333333333333,,,0.0,0.0,0.0,,0.5,0.0,0.0,0.0,,0.0,,1.0,,0.0,,0.0,0.0,,,,,0.7142857142857143,0.0,,,0.0,0.25,,,,,0.0,,,,,0.5,,,,,0.0,,,,,,0.3333333333333333,,,,,,1.0,0.0,
9,Babar Azam,55.4,102.7,46.0,66.3,BAT,PAK,,,,,0.5,,128.0,0.0,,0.9398907103825136,1.0588235294117647,,0.9838709677419356,0.0,,1.1764705882352942,,1.5294117647058822,,,0.6,0.8,,,0.625,0.0,0.9615384615384616,0.8181818181818182,0.9444444444444444,0.0,1.046875,,,,,0.0,,0.0,1.0232558139534884,0.7467532467532467,,0.8095238095238095,0.7380952380952381,,0.5283018867924528,,0.0,1.1,,0.7307692307692307,,0.8734177215189873,1.6666666666666667,0.7741935483870968,,0.4545454545454545,0.6831683168316832,0.86,0.0,0.0,0.75,0.0,,1.126984126984127,,,,,0.48,1.3818181818181818,0.0,,0.9032258064516128,1.0,,,0.8076923076923077,,0.9142857142857144,,0.7538461538461538,,,,1.0526315789473684,0.0,1.1016949152542372,,,0.7380952380952381,,,0.8194444444444444,0.0,,,0.0,1.0789473684210529,0.0,,0.2941176470588235,0.2352941176470588,,0.0,0.25,,0.0,,0.0,,,0.0,0.0,,,0.0,0.5,0.0,0.2,0.0,1.0,0.2,,,,,0.0,,0.0,0.1666666666666666,0.1538461538461538,,0.0,0.0,,0.5,,0.0,0.1666666666666666,,0.0,,0.3333333333333333,0.5,0.1111111111111111,,0.5,0.5454545454545454,0.125,1.0,0.0,0.1428571428571428,0.0,,0.25,,,,,0.3333333333333333,0.3333333333333333,0.0,,1.0,0.0,,,0.4285714285714285,,0.0,,0.0,,,,0.0,0.0,0.1,,,0.2857142857142857,,,0.125,0.0,,,0.5,0.2
10,Ben Duckett,44.38,86.55,74.0,124.08,BAT,ENG,,,,,0.38,,20.0,0.85,,1.323943661971831,,,,0.0,0.0,0.7333333333333333,,1.0909090909090908,,0.0,,,,0.0,,0.0,1.2653061224489797,,,,0.0,1.36,,,,,,,,,,,0.0,,,,,0.6521739130434783,,1.0526315789473684,,,0.0,,0.6956521739130435,0.0,,,1.6666666666666667,0.0,0.0,0.0,,0.0,,0.0,,0.0,,0.7083333333333334,,,,,,,0.0,,,,1.4411764705882353,0.0,,,1.0555555555555556,,0.0,,,0.7878787878787878,,,0.0,0.0,,0.0,,,0.3333333333333333,,0.25,,,,0.3333333333333333,1.0,0.0,,0.0,,0.0,,,,0.0,,0.0,0.0,,,,0.0,0.0,,,,,,,,,,,0.5,,,,,0.3333333333333333,,0.0,,,1.0,,0.0,0.0,,,0.0,0.0,0.0,0.5,,0.6666666666666666,,0.0,,0.0,,0.0,,,,,,,1.0,,,,0.0,1.0,,,0.0,,0.5,,,0.2,,,1.0,0.0,,0.5,,
11,Ben Dwarshuis,,,9.0,81.81,BOWL,AUS,,,1.67,5.27,0.0,,3.0,,,,,,,,,,,,,,,,,,,,,,,,,,,,,,,,,,,,,,,,,,,,,,,,,,,,,,,,,,,,,,,,,,,,,,,,,,,0.0,,,0.0,,,0.0,,,,,,,,,,,,,,,,,,,,,,,,,,,,,,,,,,,,,,,,,,,,,,,,,,,,,,,,,,,,,,,,,,,,,,,,,,,,,,,,,,,,,0.0,,,0.0,,,0.0,,,,,,,,,,
12,Brydon Carse,15.7,90.21,13.25,69.09,BOWL,ENG,1.12,5.92,1.25,8.36,0.3,fast pacers,21.0,0.0,,0.4827586206896552,,,,,0.0,,,0.0,,,,0.0,,,,,0.375,,,,0.0,,,,,,,,,,,,,,,0.0,,0.0,,,,,0.0,0.0,0.0,,,,,,,0.0,,,,,,,,0.0,,,,,,,,,0.0,,,,,,,,,,,,,,0.0,0.0,,,,,0.0,,0.6666666666666666,,,,,0.0,,,0.0,,,,0.0,,,,,0.0,,,,0.0,,,,,,,,,,,,,,,0.0,,0.0,,,,,1.0,0.0,0.5,,,,,,,0.0,,,,,,,,0.0,,,,,,,,,0.0,,,,,,,,,,,,,,0.5,0.5,,,,
13,Corbin Bosch,,,27.5,128.78,ALL,SA,,,1.0,8.2,0.0,,2.0,,,,,0.0,,,,,,,,,,,,,,,,,,,,,,,,,,,,,,,,0.0,,,,,,,,,,,,,,,0.0,,,,,,,,,0.0,,,,,,,,,,,,,,0.0,,,,,,,,,,,,,,,,,,,,,0.0,,,,,,,,,,,,,,,,,,,,,,,,,,,,,,,,0.0,,,,,,,,,,,,,,,0.0,,,,,,,,,0.0,,,,,,,,,,,,,,0.0,,,,,,,,,,,,,,,,
14,Daryl Mitchell,43.7,88.54,39.5,84.09,ALL,NZ,0.31,2.1,0.0,0.0,0.65,medium pacers,46.0,,0.7272727272727273,0.8936170212765957,1.8333333333333333,0.9166666666666666,,2.263157894736842,0.0,0.0,,,0.0,,,,,0.0,,0.0,1.0714285714285714,,,1.068181818181818,0.0,1.087719298245614,,,,,,,0.0,1.0,,,0.0,1.1290322580645162,1.0795454545454546,,0.875,0.0,0.0,0.0,,1.05,,,,1.1333333333333333,,,,,0.0,1.1454545454545455,,0.0,,,,0.7605633802816901,,,,,,,,,0.0,,1.0,,0.0,1.0789473684210529,,,,,,,0.0,1.625,,,,0.0,,0.0,,,,0.5,0.4,0.0,0.1428571428571428,,0.3333333333333333,0.3333333333333333,0.0,,,0.6666666666666666,,,,,0.5,,1.0,0.25,,,0.25,0.0,0.2142857142857142,,,,,,,0.0,0.0,,,1.0,0.0,0.2857142857142857,,0.25,0.0,0.0,1.0,,0.3333333333333333,,,,0.0,,,,,0.0,0.75,,0.0,,,,0.1428571428571428,,,,,,,,,1.0,,0.0,,0.0,0.3,,,,,,,0.0,0.0,,,,0.0,,0.0,,
15,David Miller,,,33.0,126.92,BAT,SA,,,,,0.0,,176.0,0.0,0.0,1.1910828025477709,1.3333333333333333,0.875,,1.3928571428571428,1.6666666666666667,,,,0.0,,,,,1.7,,0.0,0.7213114754098361,0.0,0.0,,1.0625,1.3243243243243243,,,,,,1.3157894736842106,1.0,,,,,,0.8133333333333334,,,,0.0,,,1.137931034482759,0.0,0.0,,1.380952380952381,,0.5294117647058824,1.375,1.1428571428571428,0.0,0.625,,0.6666666666666666,,,,0.0,,1.054054054054054,,,0.6875,0.0,,0.0,0.0,,1.3076923076923077,,0.6956521739130435,1.196969696969697,0.0,,,,0.0,,0.0,1.0,,,0.8148148148148148,1.6521739130434785,,1.0454545454545454,,,0.0,0.0,0.1666666666666666,0.1,0.0,,0.1428571428571428,0.0,,,,0.0,,,,,0.2857142857142857,,1.0,0.0,0.0,0.0,,0.3333333333333333,0.2,,,,,,0.0,0.6666666666666666,,,,,,0.3,,,,1.0,,,0.2,0.0,0.0,,0.25,,0.3333333333333333,0.0,0.0,0.5,0.0,,0.2,,,,0.0,,0.25,,,0.0,0.0,,0.0,0.0,,0.25,,0.5,0.3333333333333333,0.0,,,,0.0,,0.0,0.2,,,0.0,1.0,,0.25,,
16,Devon Conway,41.1,72.67,42.0,75.25,WK,NZ,,,,,0.47,,36.0,,0.0,1.0819672131147542,1.271186440677966,0.9130434782608696,1.2,1.108108108108108,,,,,0.0,,,,,0.0,,0.0,1.28125,,0.0,0.7333333333333333,0.925925925925926,1.1123595505617978,,0.0,,,,0.0,,0.0,,,0.0,,1.6,,1.1363636363636365,0.0,,0.0,,1.6896551724137931,,,,0.6818181818181818,,,0.9583333333333334,,0.0,0.0,0.0,1.0263157894736843,0.0,,,1.1,0.0,,,,,,,,1.1428571428571428,,,,0.0,1.0833333333333333,,1.25,,,,,,0.8533333333333334,,,,,,0.9830508474576272,,,,1.0,0.125,0.0,0.5,0.0,0.6,,,,,0.0,,,,,0.0,,0.5,0.0,,0.0,0.5,0.1666666666666666,0.3846153846153846,,0.0,,,,0.0,,0.0,,,0.0,,0.0,,0.3333333333333333,0.0,,0.5,,0.0,,,,0.0,,,0.0,,0.0,0.3333333333333333,0.0,0.3333333333333333,0.0,,,0.3333333333333333,0.0,,,,,,,,0.0,,,,1.0,0.1111111111111111,,0.0,,,,,,0.0,,,,,,0.3333333333333333,,
17,Faheem Ashraf,4.6,48.89,9.5,122.02,BOWL,PAK,0.33,5.9,0.75,5.87,0.5,medium pacers,35.0,,,0.0,0.0,,0.0,,,,,,,,,,,,0.0,0.0,0.6666666666666666,,,,,,,,,0.0,,,0.0,,,,,,0.0,,,0.0,,,,,,0.0,,0.0,,0.4857142857142857,,,0.0,,,,,,,,,,,,,,,,,,0.0,,,,,,,,0.4,,,0.0,,,,,,,,,,,0.0,0.0,,0.5,,,,,,,,,,,,1.0,0.0,0.0,,,,,,,,,0.0,,,0.0,,,,,,0.5,,,0.0,,,,,,0.3333333333333333,,0.0,,0.2,,,1.0,,,,,,,,,,,,,,,,,,0.0,,,,,,,,0.2,,,0.0,,,,,,,,
18,Farid Malik,3.0,20.0,9.75,91.08,BOWL,AFG,1.6,5.07,1.0,6.48,0.07,fast pacers,19.0,,,,,,,,0.0,,,,,,,,,,,,,,,,,,,,,,,,,,,,,,,,,0.0,,,,,,,,,,,,0.0,,,,0.0,,,,,,,,,,,,,,,,,,0.0,,,,,,,,,,,,,,,,,,,,,,,,0.0,,,,,,,,,,,,,,,,,,,,,,,,,,,,,,,,,1.0,,,,,,,,,,,,0.0,,,,0.0,,,,,,,,,,,,,,,,,,1.0,,,,,,,,,,,,,,,,
19,Fazalhaq Farooqi,1.0,23.59,1.25,35.71,BOWL,AFG,1.3,5.91,1.0,5.77,0.07,medium pacers,40.0,,,,,,,0.0,,,,,,,,,,,,,,,,,,,,,,,,,,,,,,,,,,,,,,0.0,,,,0.0,,0.0,,,,,,,,,,0.0,,,,,,,,,,,,,,,,,,,0.0,,,0.0,,,,,,,,,,,,,,,0.0,,,,,,,,,,,,,,,,,,,,,,,,,,,,,,,,,,,,,,0.0,,,,0.0,,1.0,,,,,,,,,,1.0,,,,,,,,,,,,,,,,,,,0.0,,,0.0,,,,,,,,
20,Glenn Maxwell,28.16,110.87,12.25,80.71,ALL,AUS,0.89,4.35,0.25,3.51,0.55,spinners,147.0,,,,1.2335766423357664,,,0.0,1.1428571428571428,1.5384615384615383,,,0.0,,,,,0.0,,0.0,,,0.0,,0.90625,1.0,,,,,,1.12,1.2456140350877194,0.7777777777777778,,,0.3529411764705882,,1.198019801980198,0.0,0.0,1.36,0.0,,0.0,0.855072463768116,,0.0,,,,1.2580645161290325,1.5555555555555556,,0.0,1.170731707317073,,0.0,,,0.0,1.6,,,,,1.5,0.0,,,1.175,,1.3854166666666667,,,1.0303030303030305,,0.0,,,0.7142857142857143,,,,,,,0.0,0.0,0.0,,,,,,0.2941176470588235,,,0.0,0.3333333333333333,0.0,,,0.0,,,,,0.3333333333333333,,0.0,,,0.5,,0.0,0.5,,,,,,0.0,0.3,0.2,,,0.3333333333333333,,0.2666666666666666,0.0,0.5,0.25,0.0,,1.0,0.2,,0.0,,,,0.1428571428571428,0.0,,0.0,0.3333333333333333,,0.0,,,0.0,0.0,,,,,0.0,0.0,,,0.0,,0.1428571428571428,,,0.5714285714285714,,0.0,,,0.6,,,,,,,1.0,0.0,0.0,,
21,Glenn Phillips,27.89,92.72,53.75,126.2,ALL,NZ,0.38,3.82,0.0,4.71,0.55,spinners,41.0,,0.0,1.5087719298245614,1.4838709677419355,1.4814814814814814,,0.0,0.6470588235294118,0.0,,,1.6956521739130437,,,,,0.6428571428571429,,1.2,0.9411764705882352,,,0.7894736842105263,0.6956521739130435,1.3780487804878048,,0.0,,,,,0.3428571428571428,0.0,,,1.6363636363636365,1.0588235294117647,0.5555555555555556,,1.2105263157894737,1.1904761904761905,0.9444444444444444,0.0,,0.0,,,0.0,0.0,,,0.0,,0.7619047619047619,0.4782608695652174,,0.75,0.0,,,1.0263157894736843,0.0,1.2666666666666666,,,,,,,1.0,,0.0,,0.0,1.7611940298507462,,,0.0,,0.8666666666666667,,0.0,1.6470588235294117,,,,,,0.0,,,,0.0,0.0833333333333333,0.2,0.0,,0.0,0.5,0.0,,,0.0,,,,,0.1666666666666666,,0.0,0.2,,,0.25,0.3333333333333333,0.2857142857142857,,0.0,,,,,0.0,0.0,,,0.0,0.0,0.5,,0.5714285714285714,0.0,0.0,0.3333333333333333,,0.0,,,0.0,0.0,,,0.0,,0.5,0.25,,0.0,0.0,,,0.3333333333333333,0.0,0.0,,,,,,,0.0,,0.0,,0.0,0.4,,,0.0,,0.5,,0.0,0.0,,,,,,0.2,,
22,Gulbadin Naib,13.87,90.72,10.25,56.44,ALL,AFG,0.75,5.71,0.25,4.75,0.55,medium pacers,87.0,,,0.9411764705882352,,0.0,0.0,0.0,0.9523809523809524,,,,,,,,,,,,,,,,1.0952380952380951,0.0,,,,,,0.0,0.0,,,,0.48,,0.4642857142857143,,0.0,0.0,0.0,0.0,,0.0,,,,0.4102564102564102,,0.0,0.0,0.0,,0.0,,0.6428571428571429,0.0,,,,0.0,,,,,,,,,,0.3333333333333333,,,0.0,,,,,0.0,,,1.263157894736842,,,,,,0.0,,,,,0.0,,1.0,0.0,0.0,0.5,,,,,,,,,,,,,,,,0.3333333333333333,0.0,,,,,,0.0,0.0,,,,0.0,,0.25,,0.0,0.5,0.5,0.5,,1.0,,,,0.0,,0.0,0.0,0.0,,0.0,,0.0,1.0,,,,0.0,,,,,,,,,,0.0,,,0.5,,,,,1.0,,,0.3333333333333333,,,,,,0.0,,
23,Gus Atkinson,9.75,108.33,16.25,117.85,BOWL,ENG,1.0,5.78,1.5,8.1,0.09,fast pacers,5.0,,,,,,,,0.0,,,,,,,,,,,,,,,,,,,,,,,,,0.0,,,0.0,,,0.0,,0.0,,0.0,,,,0.0,,,,,,,,,,,,,,,,,,,,,,,,,,,,,,,,,,,,,,,,,,,,,,,,,,,,1.0,,,,,,,,,,,,,,,,,,,,,,,,,0.0,,,1.0,,,0.0,,0.0,,0.0,,,,0.0,,,,,,,,,,,,,,,,,,,,,,,,,,,,,,,,,,,,,,,,,,,,
24,Hardik Pandya,30.1,90.72,11.0,159.72,ALL,IND,0.97,5.56,1.25,6.01,0.39,medium pacers,91.0,,,1.2967032967032968,0.8970588235294118,0.6666666666666666,,,,0.0,,,1.2,,,0.0,0.0,,,0.0,1.7826086956521738,0.0,0.0,,,1.195121951219512,,,,0.0,1.2,,1.4666666666666666,1.0384615384615383,,,0.7272727272727273,,,,1.2413793103448276,0.0,1.9523809523809523,1.8235294117647056,0.0,1.0,,0.8421052631578947,,0.0,0.0,0.6705882352941176,0.0,0.0,,,,1.88,,,,0.8235294117647058,,0.0,,,0.0,,,,0.0,,,0.0,1.3125,0.95,,,,,1.7333333333333334,,2.333333333333333,1.809523809523809,,,0.0,,,,,,,,0.3333333333333333,0.0,0.0,,,,0.0,,,0.1666666666666666,,,1.0,0.0,,,0.0,0.0,0.0,0.0,,,0.4,,,,1.0,1.0,,0.125,0.3333333333333333,,,0.2,,,,0.0,0.75,0.25,0.0,0.0,0.3,,0.0,,0.0,1.0,0.3333333333333333,1.0,0.0,,,,0.125,,,,0.0,,0.0,,,0.0,,,,0.0,,,0.0,0.1666666666666666,0.3333333333333333,,,,,0.0,,0.25,0.0,,,0.0,,,,,
25,Haris Rauf,4.25,56.47,11.0,201.43,BOWL,PAK,1.93,5.79,0.75,5.87,0.24,fast pacers,48.0,,,0.0,,,,0.0,,,,,,,,,,,0.0,0.0,0.0,,,0.0,,,,,,,,,0.0,0.0,,,,,,,,,,0.0,,0.0,,0.0,,,,0.0,0.0,,,,,,,,,,,0.0,,,,0.0,,0.0,,,0.0,,,,,,,,,,,,,,,,,,,0.0,,,0.5,,,,0.0,,,,,,,,,,,1.0,0.0,0.0,,,0.0,,,,,,,,,0.0,0.0,,,,,,,,,,0.0,,0.5,,0.0,,,,1.0,0.0,,,,,,,,,,,0.0,,,,0.0,,1.0,,,1.0,,,,,,,,,,,,,,,,,,,0.0
26,Harry Brook,35.95,91.2,13.25,45.67,BAT,ENG,,,,,0.12,,24.0,0.9473684210526316,,1.4807692307692308,,,0.0,0.0,1.44,0.0,,,,0.0,,,,,0.0,0.0,1.1666666666666667,0.0,,,0.0,1.5348837209302326,,,,,,,,1.0909090909090908,,,1.45,,0.0,0.0,,0.0,,0.8857142857142857,,,0.0,0.3809523809523809,0.0,,,0.8421052631578947,1.3636363636363635,,0.6,,,0.0,,,,1.4210526315789471,,0.0,,,0.0,1.1111111111111112,,,1.0434782608695652,,0.0,,1.2857142857142858,0.0,,,,,,,,,0.0,,0.0,0.0,,0.0,,,0.0,,0.5,,,0.5,0.0,0.0,0.0,,,,0.0,,,,,0.0,0.0,0.0,0.0,,,0.0,0.25,,,,,,,,0.0,,,0.0,,1.0,0.0,,0.5,,0.0,,,0.5,0.5,0.0,,,0.0,0.0,,0.5,,,0.0,,,,0.0,,0.0,,,0.0,0.6666666666666666,,,0.3333333333333333,,0.0,,0.0,0.0,,,,,,,,,0.0,,0.0,0.6666666666666666,,0.0,,
27,Harshit Rana,,,13.0,130.0,BOWL,IND,3.0,7.57,1.75,5.26,0.0,,4.0,,,,,,,,,,,,,,,,,,,,,,,,,,,,,,,,,,,,,,,,,,,,,,,,,,,,,,,,,,,,,,,,,,,,,,,,,,,,,,,,,,0.0,,,,,,,,,,,,,,,,,,,,,,,,,,,,,,,,,,,,,,,,,,,,,,,,,,,,,,,,,,,,,,,,,,,,,,,,,,,,,,,,,,,,,,,,,,,0.0,,,,,,,,,
28,Hashmatullah Shahidi,27.9,68.13,22.25,61.82,BAT,AFG,0.0,0.0,0.0,0.0,0.17,medium pacers,88.0,,,0.0,0.9069767441860463,0.0,0.0,,,,,,,,,,,,,,0.0,,,,0.8333333333333334,0.0,,,,,0.625,0.5348837209302325,0.5238095238095238,,,,0.0,,0.4629629629629629,,0.4333333333333333,,0.5714285714285714,,,0.696969696969697,,0.4583333333333333,,0.5372340425531915,,0.0,1.0,0.7755102040816326,,,,0.5490196078431373,,,,0.0,0.2916666666666667,,,,,,,,,,0.7647058823529411,,,0.7446808510638298,,,,,,,,0.6226415094339622,,,0.0,,,,0.0,,,,0.5,0.3333333333333333,0.0,0.5,,,,,,,,,,,,,,0.0,,,,0.0,0.0,,,,,0.0,0.3333333333333333,0.3333333333333333,,,,1.0,,0.6666666666666666,,0.0,,0.0,,,0.0,,0.0,,0.25,,0.0,0.0,0.1428571428571428,,,,0.5,,,,0.5,0.0,,,,,,,,,,0.0,,,0.1666666666666666,,,,,,,,0.0,,,0.0,,,,0.3333333333333333,
29,Heinrich Klaasen,36.18,107.34,87.75,140.86,WK,SA,0.0,0.19,0.0,0.0,0.8,spinners,58.0,0.0,0.9090909090909092,1.3578947368421053,1.2258064516129032,1.1956521739130437,,0.5,1.4,,,,0.0,,,,,0.5675675675675675,0.0,,0.6111111111111112,0.0,,0.0,0.9863013698630136,1.446808510638298,,,,,,,0.0,,0.0,,,0.0,1.3125,,,,0.0,,,2.083333333333333,,0.0,,0.0,,,1.2857142857142858,0.0,0.0,0.0,,1.44,,,,1.394736842105263,0.0,1.2272727272727273,,,0.0,0.0,,,0.0,,0.0,,0.7916666666666666,1.5522388059701493,,,,,,,0.0,0.0,,,2.0,2.0,,1.3,,,0.0,0.0,0.3636363636363636,0.2,0.0,,0.8,0.0,,,,1.0,,,,,0.2857142857142857,0.0,,0.0,0.0,,1.0,0.0909090909090909,0.1,,,,,,,0.5,,0.0,,,0.0,0.25,,,,0.0,,,0.0,,0.0,,0.0,,,0.0,0.0,0.0,0.0,,0.0,,,,0.5,0.0,0.0,,,0.0,0.0,,,1.0,,1.0,,0.0,0.4545454545454545,,,,,,,0.0,1.0,,,0.6666666666666666,0.6666666666666666,,0.0,,
30,Ibrahim Zadran,45.2,69.45,69.0,78.83,BAT,AFG,0.0,0.0,0.0,0.0,0.32,,34.0,,,0.9565217391304348,0.8163265306122449,,0.0,0.0,0.8260869565217391,,,,,,,,,0.0,,0.0,0.7777777777777778,,,,,0.7192982456140351,,,,,1.4411764705882353,0.9375,1.72,0.631578947368421,,,0.0,,0.0,,0.0,0.68,0.0,0.0,,0.8775510204081632,,1.1764705882352942,,1.2058823529411764,0.0,0.0,0.0,,,,,0.8727272727272727,,0.0,,0.6585365853658537,0.0,,,,,0.0,,,,,,,,0.696969696969697,,0.0,,,,,0.0,0.9634146341463414,,,0.0,,,0.0,,,,,0.6666666666666666,0.3333333333333333,,0.0,0.0,0.5,,,,,,,,,1.0,,0.0,0.0,,,,,0.25,,,,,0.0,0.0,0.0,0.6666666666666666,,,0.0,,0.0,,1.0,0.0,1.0,0.0,,0.0,,0.5,,0.0,0.0,0.0,0.0,,,,,0.125,,0.0,,0.0,0.0,,,,,0.0,,,,,,,,0.25,,0.0,,,,,0.0,0.0,,,0.0,,,0.5,,
31,Ikram Alikhil,17.83,129.99,10.75,69.66,WK,AFG,0.0,0.0,0.0,0.0,0.95,,31.0,,,,0.0,,0.0,,,,,,,,,,,,,,,,,,,0.0,,,,,,0.0,0.0,0.0,,,,,,,0.55,0.0,,,,0.0,,0.0,,,,0.0,,,,0.0,,0.0,,,,0.0,,,,,,0.0,,,,,,,,0.3333333333333333,,,,,,,0.0,,,,,,,,,,,,,0.0,,0.0,,,,,,,,,,,,,,,,,,,1.0,,,,,,0.0,0.0,0.0,,,,,,,0.0,0.0,,,,0.0,,0.0,,,,0.0,,,,0.0,,0.0,,,,0.0,,,,,,0.0,,,,,,,,0.0,,,,,,,1.0,,,,,,,,,
32,Imam-ul-Haq,43.04,73.05,27.25,70.24,BAT,PAK,,,,,0.24,,,,,,,,,,,,,,,,,,,,,,,,,,,,,,,,,,,,,,,,,,,,,,,,,,,,,,,,,,,,,,,,,,,,,,,,,,,,,,,,,,,,,,,,,,,,,,,,,,,,,,,,,,,,,,,,,,,,,,,,,,,,,,,,,,,,,,,,,,,,,,,,,,,,,,,,,,,,,,,,,,,,,,,,,,,,,,,,,,,,,,,,
33,Jacob Duffy,,,4.25,85.0,BOWL,NZ,0.54,6.71,2.0,5.94,0.5,,11.0,,,,,,,,,,,,,,,,,,,,,,,,,,,,,,,,,,,,,,0.0,,,,,,,,,,0.5625,,,,,,,,,0.0,,,,0.0,,,,,,,,,,,,,,0.0,,0.0,,,,,,,,,,,,,,,,,,,,,,,,,,,,,,,,,,,,,,,,,,,,,,,,,,,,0.0,,,,,,,,,,0.0,,,,,,,,,1.0,,,,0.0,,,,,,,,,,,,,,0.0,,0.0,,,,,,,,,,,,,,
34,Jake Fraser McGurk,22.33,180.68,7.75,82.5,BAT,AUS,0.0,0.0,0.0,0.0,0.43,,7.0,0.0,,,0.0,,,,,,,,0.0,,,,,,,,,,,,,0.0,,,,,,,,,,,,,,,0.0,,,,,,,,,,,,,,,,,,,,,1.2307692307692308,,,,,0.0,,,,,,,,,1.9166666666666667,,,,,,,,,,,,,,,,,0.0,,,0.0,,,,,,,,0.0,,,,,,,,,,,,,1.0,,,,,,,,,,,,,,,1.0,,,,,,,,,,,,,,,,,,,,,0.6,,,,,1.0,,,,,,,,,0.1666666666666666,,,,,,,,,,,,,,,,
35,Jaker Ali Anik,28.67,102.34,43.25,70.04,WK,BAN,,,,,0.33,,7.0,,,,,,,0.0,,0.0,,,,,,,,,,0.0,,0.0,,,,,,,,,,,,0.0,,,0.0,,,0.0,,,,,,,,0.0,,,0.0,0.55,,,,,,,,,0.0,,,,,,,,,,0.0,,,,,,,,,,,,,,,,,0.0,,0.0,,0.0,,,,,,,0.5,,0.5,,,,,,,,,,0.0,,0.0,,,,,,,,,,,,0.0,,,1.0,,,0.0,,,,,,,,0.0,,,0.0,0.0,,,,,,,,,0.0,,,,,,,,,,0.0,,,,,,,,,,,,,,,,,1.0,,0.0,,0.0
36,Jamie Overton,,,12.67,70.79,ALL,ENG,,,1.0,3.22,0.33,medium pacers,3.0,,,0.0,,,,,0.0,0.0,,,,,,,,,,0.0,,,0.0,,0.0,,,,,,,,,,,,,,,,,,,,,,,,0.0,,,,,,,,,,,,,,,,,,0.0,,,,0.0,,,,0.0,,,,,,,,,,,,,0.0,,,,,,,1.0,,,,,0.5,1.0,,,,,,,,,,0.0,,,0.0,,0.0,,,,,,,,,,,,,,,,,,,,,,,,0.0,,,,,,,,,,,,,,,,,,0.0,,,,0.0,,,,0.0,,,,,,,,,,,,,1.0,,,,
37,Jamie Smith,27.0,97.12,16.75,91.27,WK,ENG,,,,,1.0,,8.0,0.6111111111111112,,1.2692307692307692,,,,,0.0,0.0,,0.0,,,,,,,,0.0,0.0,,,,,,,,,,,,,,,,,,,,,,,,,,1.4666666666666666,,0.0,,,,,,0.0,,,,,,,,,,,,,,,,,,,,0.0,,,,0.0,,,,,,,,0.0,0.0,,,,,0.0,,0.0,,,,,0.0,0.0,,1.0,,,,,,,,0.0,0.6666666666666666,,,,,,,,,,,,,,,,,,,,,,,,,,0.0,,1.0,,,,,,1.0,,,,,,,,,,,,,,,,,,,,0.0,,,,0.0,,,,,,,,0.0,0.5,,,,
38,Joe Root,28.0,55.7,45.0,81.76,ALL,ENG,0.05,1.94,0.25,7.72,0.42,spinners,175.0,,,0.8888888888888888,,0.0,0.0,,,0.0,,0.0,,,,0.0,0.0,1.0526315789473684,,1.0,0.9411764705882352,0.0,0.9117647058823528,,1.0510204081632653,0.0,,,,,,,,0.7692307692307693,,,0.5806451612903226,,0.926829268292683,0.0,,0.9393939393939394,,0.0,,,0.0,0.4,0.9655172413793104,0.0,,0.8970588235294118,1.0740740740740742,0.0,1.1458333333333333,0.0,,0.9,,,,,0.0,0.8421052631578947,,,1.1851851851851851,0.9782608695652174,,0.0,0.8870967741935484,,0.84,,,1.0,,0.0,0.0,,1.1142857142857143,,0.0,0.7222222222222222,,,0.0,,,,,,,,0.4,,0.0,0.0,,,1.0,,0.0,,,,1.0,0.0,0.0,,0.0,0.0,1.0,0.3333333333333333,,0.0,0.0,,,,,,,,0.4,,,0.0,,0.4,0.0,,0.0,,1.0,,,0.0,0.0,0.0,0.0,,0.0,0.3333333333333333,0.0,0.0,0.5,,0.0,,,,,0.0,0.0,,,0.0,0.6666666666666666,,0.0,0.0,,0.0,,,0.2,,0.0,0.0,,0.3333333333333333,,0.0,0.0,,,0.0,,,,,
39,Jofra Archer,,,7.0,233.33,BOWL,END,,,1.5,4.14,0.5,fast pacers,29.0,,,0.0,,,,0.0,0.0,0.0,,,,,,,,,,0.0,,,,,0.0,,,,,,,,,0.0,,,,,0.0,0.3333333333333333,,,,,,,0.0,,,,,,,,,0.0,,0.0,,,,,,0.0,,,,,,,,,0.0,,,,,,,,,,,,,,0.0,0.0,,,,,,,0.0,,,,0.0,0.0,0.0,,,,,,,,,,1.0,,,,,0.3333333333333333,,,,,,,,,0.0,,,,,0.0,0.0,,,,,,,0.5,,,,,,,,,0.0,,0.0,,,,,,0.0,,,,,,,,,0.0,,,,,,,,,,,,,,0.0,0.5,,,,
40,Jos Buttler,34.32,95.76,28.75,87.73,WK,ENG,,,,,1.2,,200.0,,,1.0961538461538465,,,1.121212121212121,1.4193548387096775,1.3125,0.0,,0.0,,,,0.9565217391304348,,1.125,,0.0,1.3888888888888888,1.1666666666666667,,,1.112,1.3333333333333333,,,,,,,,1.163265306122449,,,1.0441176470588236,,0.8571428571428571,0.7818181818181819,,1.12987012987013,,0.631578947368421,,,,1.0909090909090908,,1.326086956521739,,1.011764705882353,0.0,,1.105263157894737,1.3220338983050848,,1.2702702702702702,,,,2.2,1.0,0.0,,,0.4210526315789473,1.28125,,,0.0,,1.0,,0.0,1.697674418604651,,,,,1.5925925925925926,,,1.3541666666666667,,,0.0,1.0,,1.565217391304348,,,,,0.375,,,0.0,0.0,0.3333333333333333,0.5,,0.0,,,,0.3333333333333333,,0.0,,1.0,0.25,0.25,,,0.1764705882352941,0.75,,,,,,,,0.0833333333333333,,,0.25,,1.0,0.0,,0.3333333333333333,,0.3333333333333333,,,,0.1666666666666666,,0.2,,0.1818181818181818,0.0,,0.0,0.4444444444444444,,0.0,,,,0.0,0.5,1.0,,,0.0,0.0,,,0.0,,0.0,,0.0,0.0,,,,,0.4285714285714285,,,0.25,,,0.0,0.75,,0.0,,
41,Josh Inglis,22.55,91.8,41.75,82.46,WK,AUS,0.0,0.0,0.0,0.0,0.89,,28.0,,,,1.2,,1.4166666666666667,0.0,0.0,0.0,,,1.4,,,,,,,,,,,,0.0,1.35,,,,,,0.0,1.5416666666666667,0.8421052631578947,,,1.15,0.0,0.0,0.0,1.375,,,0.0,,1.4375,,0.0,,,,0.8571428571428571,1.0,,,0.0,,,,,,0.8387096774193549,,,,,0.0,0.0,,,,,1.0434782608695652,,,0.7931034482758621,,,,,0.7222222222222222,,,,,,,,,,,,,,,0.2,,0.0,0.0,0.5,1.0,,,0.25,,,,,,,,,,,,0.0,0.5,,,,,,0.0,0.0,0.75,,,0.0,0.0,0.0,0.0,0.0,,,1.0,,0.0,,0.0,,,,0.25,0.0,,,0.6666666666666666,,,,,,0.3333333333333333,,,,,0.0,0.0,,,,,0.0,,,0.25,,,,,0.0,,,,,,,,,,,
42,KL Rahul,39.97,84.46,23.25,79.7,WK,IND,,,,,1.11,,82.0,,,0.986725663716814,1.0795454545454546,,0.8913043478260869,,,0.0,,,,,,,,0.95,0.0,0.0,0.8539325842696629,,1.105263157894737,,,0.7777777777777778,,,,,,0.0,0.0,0.5384615384615384,,,0.926829268292683,,,1.0,0.8235294117647058,0.7333333333333333,,0.0,,1.0,,0.0,0.7333333333333333,0.8888888888888888,,1.0679611650485437,0.0,0.0,1.108108108108108,,,0.8591549295774648,,,,1.0454545454545454,0.65,0.0,,,,0.8666666666666667,,,1.0,,,,0.9193548387096774,1.0,,0.7894736842105263,0.0,,1.2173913043478262,0.0,0.1764705882352941,0.0,,,0.0,,,,0.9130434782608696,,,,0.3,0.0,,0.25,,,0.0,,,,,,,,0.0,1.0,0.0,0.3,,0.3333333333333333,,,0.0,,,,,,0.0,0.3333333333333333,0.2,,,0.2,,,0.0,0.5,0.5,,0.5,,0.4,,0.5,0.0,0.25,,0.1818181818181818,0.0,0.0,0.25,,,0.0,,,,0.5,0.0,0.0,,,,0.0,,,0.3333333333333333,,,,0.0,0.25,,0.0,0.0,,0.0,0.0,0.0,0.0,,,0.0,,,,0.5,
43,Kagiso Rabada,7.08,97.63,10.25,66.02,BOWL,SA,1.56,5.18,2.25,5.36,0.62,fast pacers,104.0,0.0,0.0,0.5652173913043478,0.0,,,0.0,0.0,,,,,,,,,,,,0.0,,,,0.0,0.0,,,,,,0.0,,,,,,,0.1935483870967742,,,,,,,,,,,0.0,,,0.0,,,,,0.0,,,,0.0,,,,,,,,,,,0.0,,0.0,0.0,,,,,,,,0.0,,,,,,,,,0.0,0.0,0.2857142857142857,0.0,,,0.0,0.0,,,,,,,,,,,,0.0,,,,0.0,0.0,,,,,,0.0,,,,,,,0.5,,,,,,,,,,,1.0,,,0.0,,,,,0.0,,,,0.0,,,,,,,,,,,1.0,,0.0,0.0,,,,,,,,0.5,,,,,,,,
44,Kamran Ghulam,41.67,82.69,21.25,70.42,ALL,PAK,0.14,0.5,0.0,1.12,0.36,spinners,10.0,,,0.0,,,0.0,,,,,,,,,,,,,,,,,,,,,,,,,,,,,,,,,,,,,0.0,,,,,,,0.0,0.0,,,,,,,,,,,,,,,,,,,,,,,,,,,,,0.0,,,,,,,,,,,,,,0.0,,,0.0,,,,,,,,,,,,,,,,,,,,,,,,,,,,,,,,,,,,,0.0,,,,,,,0.0,1.0,,,,,,,,,,,,,,,,,,,,,,,,,,,,,0.0,,,,,,,,,,,
45,Kane Williamson,49.0,70.42,56.5,75.56,BAT,NZ,0.0,0.0,0.0,0.0,0.58,spinners,170.0,,0.68,0.6875,0.8725490196078431,0.8913043478260869,0.0,1.0769230769230769,0.9135802469135802,,,,,,,,0.0,0.8555555555555555,,0.0,1.0625,,1.0769230769230769,,0.962406015037594,1.1743119266055049,,,,,,0.0,0.2222222222222222,0.5172413793103449,,,0.0,0.0,0.9523809523809524,,0.0,0.5,,0.0,,0.9557522123893806,,,,0.7534246575342466,,,,0.9411764705882352,0.55,0.6788990825688074,,0.6944444444444444,0.0,,,0.92,,,,,,,,0.0,0.0,,0.9882352941176472,,0.2692307692307692,0.703125,,1.625,,0.0,1.5333333333333334,,,0.6813186813186813,,,0.9090909090909092,0.0,,0.9696969696969696,,,,0.0,0.3846153846153846,0.0,0.0,0.0,0.0,0.1666666666666666,,,,,,,,0.0,0.2727272727272727,,0.0,0.5,,0.0,,0.0625,0.0,,,,,,0.0,0.0,0.0,,,0.0,0.0,0.2857142857142857,,0.0,0.0,,0.0,,0.25,,,,0.2,,,,0.25,0.0,0.3636363636363636,,0.1111111111111111,1.0,,,0.1428571428571428,,,,,,,,0.0,0.5,,0.125,,0.0,0.375,,0.0,,0.0,1.0,,,0.2857142857142857,,,0.0,0.0,,0.0,,
46,Keshav Maharaj,,,,,,,,,2.0,5.62,0.0,spinners,46.0,,,0.0,0.0,,,0.0,0.5238095238095238,,,,,,,,,,,,,,,0.0,0.0,0.0,,,,,,,0.0,,,,,,0.0,,,,0.0,,,,,,,0.0,,,,0.0,,,,0.6190476190476191,,,,,,0.0,,,,,,,,,0.0,,0.0,0.0,,,,,,,,0.0,,,,,,0.0,,,,,0.5,1.0,,,0.3333333333333333,0.3333333333333333,,,,,,,,,,,,,,,0.0,0.0,0.0,,,,,,,0.0,,,,,,0.5,,,,0.0,,,,,,,0.0,,,,1.0,,,,0.0,,,,,,0.0,,,,,,,,,1.0,,0.5,0.5,,,,,,,,0.0,,,,,,0.0,,
47,Khushdil Shah,13.43,101.67,15.5,102.31,ALL,PAK,0.0,0.65,0.75,2.19,0.19,spinners,20.0,,,0.0,1.1111111111111112,,,0.0,,,,,,,,,,,,0.0,,0.0,,,0.0,,,,,0.0,0.0,,,,,,,,,0.0,,,,,,,,0.0,,,0.9130434782608696,0.0,0.0,0.0,,,,0.0,,,,,,1.181818181818182,0.0,,,0.0,,,,,,0.0,1.75,,,0.0,,,0.0,,,0.0,,,0.0,,,,,2.0,,,0.3333333333333333,1.0,,,0.0,,,,,,,,,,,,1.0,,0.0,,,0.5,,,,,0.0,0.0,,,,,,,,,0.0,,,,,,,,0.0,,,0.0,0.5,1.0,0.0,,,,0.0,,,,,,0.3333333333333333,0.0,,,0.0,,,,,,1.0,0.0,,,0.0,,,0.0,,,0.0,,,0.0,,,,,0.5
48,Kuldeep Yadav,4.5,52.27,4.0,41.48,BOWL,IND,1.49,4.57,1.25,4.74,0.17,spinners,110.0,,,0.6875,0.0,,,,,,,,,,,,,,,,0.0,,0.0,,,0.0,,,,0.0,,,,0.0,,,0.0,,,,,0.0,,,,0.0,,0.0,,,,0.0,,0.0,0.0,,,0.0,,,,0.0,,0.0,,,,,,,0.0,,0.7377049180327869,,0.0,0.0,,,,,,,,,,,,,,,,,,,0.0,0.0,,,,,,,,,,,,,,,,0.0,,0.0,,,0.0,,,,0.0,,,,0.0,,,1.0,,,,,0.5,,,,0.0,,0.0,,,,0.0,,0.0,0.0,,,0.0,,,,1.0,,0.0,,,,,,,0.0,,0.0,,0.5,0.0,,,,,,,,,,,,,,,,
49,Kyle Jamieson,14.0,89.58,13.75,102.69,BOWL,NZ,1.0,5.34,0.75,3.82,0.0,,14.0,,,0.0,,,,,0.0,,,,,,,,,,,,,,,,,,,,,,,,,,,,,,,,0.7333333333333333,,,,,0.0,,,,,,,,,,,,0.0,,,,,0.0,,,,,,,,,,,,,,,,,,,,,,,,,0.0,,,,,,,0.0,,,,,0.0,,,,,,,,,,,,,,,,,,,,,,,,,,,,,,,,0.0,,,,,1.0,,,,,,,,,,,,0.0,,,,,0.0,,,,,,,,,,,,,,,,,,,,,,,,,0.0,,,,
50,Liam Livingstone,28.13,90.37,17.25,74.9,ALL,ENG,0.64,4.84,0.5,5.89,0.41,spinners,37.0,0.0,,1.037037037037037,,,,,0.7058823529411765,0.0,,0.0,,0.0,,0.5454545454545454,,,0.0,0.0,0.0,0.0,0.0,,1.137931034482759,,,,,,,,,0.0,,,0.4117647058823529,0.896551724137931,0.5714285714285714,0.0,,0.0,,0.0,,,1.9047619047619049,1.3225806451612905,1.368421052631579,,,0.6785714285714286,0.0,,0.0,0.1875,,,,,,,,0.0,,,0.0,0.9696969696969696,,,0.0,,0.6666666666666666,,1.3333333333333333,0.0,,,,,0.76,,0.0,0.0,,,0.0,0.0,,,,,0.5,,0.25,,,,,0.2,0.0,,1.0,,0.0,,0.0,,,0.0,0.0,0.0,0.3333333333333333,1.0,,0.6666666666666666,,,,,,,,,0.25,,,0.0,0.5,0.3333333333333333,0.5,,1.0,,0.0,,,0.0,0.3333333333333333,0.5,,,0.0,0.0,,0.0,0.25,,,,,,,,0.0,,,0.0,0.0,,,0.5,,0.0,,0.0,0.0,,,,,0.1666666666666666,,0.0,1.0,,,0.0,0.5,,,,
51,Lungi Ngidi,3.38,46.66,8.0,55.12,BOWL,SA,1.23,5.45,0.75,7.68,0.18,fast pacers,65.0,0.0,,0.7777777777777778,0.0,,,,0.0,,,,,,,,,,,0.0,0.0,,,,,0.0,,,,,,,,,,,,,0.0,,,,,,,,,,,0.0,,,,0.0,,,,0.0,,,0.0,,,0.0,,,,,,,0.0,,,,0.0,0.0,,,,,,,,0.0,,,,,,,,,0.0,,0.0,1.0,,,,1.0,,,,,,,,,,,0.0,0.0,,,,,1.0,,,,,,,,,,,,,0.5,,,,,,,,,,,0.0,,,,0.0,,,,0.0,,,1.0,,,0.0,,,,,,,0.5,,,,0.0,0.0,,,,,,,,0.0,,,,,,,,
52,Marco Jansen,22.21,106.87,9.75,51.3,ALL,SA,1.52,6.52,1.75,5.57,0.3,fast pacers,27.0,0.0,0.0,0.9523809523809524,1.4761904761904765,,,0.0,0.0,0.0,,,,,,,,,,,,,,1.4375,0.0,0.0,,,,,,,0.0,,0.0,,,,0.0,,,,0.0,,,0.0,0.0,,,0.0,,,0.0,,,0.0,,0.0,,,,0.0,,0.0,,,,,,,,,0.0,,0.0,0.0,,,0.0,,,0.0,,0.0,,,0.0,0.0,,0.0,,,0.0,1.0,0.3333333333333333,0.3333333333333333,,,1.0,0.0,1.0,,,,,,,,,,,,,,0.0,0.0,0.5,,,,,,,0.5,,0.0,,,,1.0,,,,0.0,,,0.0,0.0,,,1.0,,,0.0,,,0.0,,0.0,,,,0.0,,0.3333333333333333,,,,,,,,,0.0,,0.0,0.3333333333333333,,,0.0,,,0.5,,0.0,,,1.0,0.3333333333333333,,0.0,,
53,Mark Chapman,23.11,110.93,17.0,118.38,BAT,NZ,0.02,0.34,0.0,0.0,0.36,spinners,29.0,,1.2352941176470589,0.0,0.9655172413793104,1.7777777777777777,,0.0,1.1,0.0,,,0.0,,,,,2.05,,,,,0.0,,0.0,1.267605633802817,,,,,,,,0.0,,,,,0.0,,0.0,0.0,0.0,0.0,,0.0,,,0.0,0.0,,,,,0.0,,,0.0,,,,1.807692307692308,,0.0,,,,,,,0.0,,,,,1.542857142857143,,0.0,0.0,,0.0,,0.0,,,,,,,0.0,,,,0.5,0.0,0.1428571428571428,0.0,,0.5,0.4,0.0,,,0.0,,,,,0.0,,,,,1.0,,0.0,0.4,,,,,,,,0.0,,,,,0.3333333333333333,,0.5,1.0,1.0,0.0,,1.0,,,0.0,0.0,,,,,0.3333333333333333,,,0.0,,,,0.2857142857142857,,0.0,,,,,,,0.5,,,,,0.0769230769230769,,0.0,0.0,,1.0,,0.0,,,,,,,0.5,,
54,Mark Wood,,,,,,,1.0,4.0,1.25,6.15,0.6,fast pacers,69.0,,,0.0,,,,0.0,,0.0,,,,,,,,,,0.0,,,,,0.0,,,,,,,,,0.0,,,0.0,0.0,0.0,,,0.0,,0.0,,,,0.0,,,,,,,,0.0,,,,,,,,,,,,,,,0.0,,,,,,,,,,,,,0.0,,,,,,,,,,,0.0,,,,0.0,,0.0,,,,,,,,,,0.0,,,,,0.0,,,,,,,,,0.0,,,0.0,1.0,0.0,,,0.0,,0.0,,,,0.0,,,,,,,,0.5,,,,,,,,,,,,,,,1.0,,,,,,,,,,,,,0.0,,,,,,,,
55,Marnus Labuschagne,32.9,75.87,21.0,84.4,BAT,AUS,0.11,1.46,0.75,3.3,0.67,spinners,61.0,0.0,,,0.7614678899082569,,1.6363636363636365,,,0.0,,,1.52,,,0.0,,,,,,0.0,,,0.7777777777777778,0.8627450980392157,,0.0,,,,0.0,0.65625,0.7872340425531915,,,0.7163120567375887,1.0833333333333333,0.9252336448598132,,1.3157894736842106,0.847457627118644,,0.5434782608695652,,0.7804878048780488,,0.0,,,,0.8064516129032258,,,,0.7142857142857143,,,,,,,,,,,,0.0,,,,,0.6706586826347305,,,0.5384615384615384,,,,,0.974025974025974,,,,,,,,,0.0,,,0.0,,,0.4285714285714285,,0.0,,,0.0,,,0.25,,,0.0,,,,,,0.0,,,0.0,0.5714285714285714,,0.0,,,,0.0,0.0,0.0,,,0.2857142857142857,1.0,0.2857142857142857,,0.0,0.1666666666666666,,0.4,,0.25,,0.0,,,,0.3333333333333333,,,,0.0,,,,,,,,,,,,0.0,,,,,0.3333333333333333,,,0.0,,,,,0.6,,,,,,,,,0.0,,
56,Matt Henry,2.92,73.83,5.5,86.46,BOWL,NZ,1.76,4.81,2.0,5.36,0.35,fast pacers,89.0,,,0.0,0.0,,,,0.0,,,,,,,,,,,0.0,0.0,,,,0.0,0.0,,,,,,,0.0,,,,0.0,,,,,,,,,0.0,,,,,,,,,0.0,0.0,,0.0,,,,,,,,,0.0,,,,0.0,,,,,0.0,,,,,,,,,,,,,,,,,,,0.3333333333333333,0.0,,,,0.0,,,,,,,,,,,1.0,0.0,,,,0.0,0.0,,,,,,,1.0,,,,0.0,,,,,,,,,1.0,,,,,,,,,0.0,0.5,,0.0,,,,,,,,,0.0,,,,0.0,,,,,0.0,,,,,,,,,,,,,,,,
57,Matthew Short,21.62,97.4,21.75,48.44,ALL,AUS,0.1,5.02,0.25,4.39,0.5,,14.0,,,,0.5416666666666666,,0.0,0.0,0.0,,,,1.1,,,,,,,,,,,,,0.0,,,,0.8518518518518519,,,1.2,,,,,,,,0.0,0.0,,0.0,,1.125,,,,,,,0.0,,,0.0,,,,,,1.411764705882353,,,,,,,,,,,,0.0,0.0,1.2564102564102564,,,0.0,,0.0,,,,,,,,,,,0.4705882352941176,,,,0.25,,0.5,0.0,0.0,,,,0.0,,,,,,,,,,,,,0.6666666666666666,,,,0.0,,,0.3333333333333333,,,,,,,,1.0,0.0,,0.0,,0.0,,,,,,,0.0,,,0.5,,,,,,0.0,,,,,,,,,,,,0.0,1.0,0.5,,,1.0,,1.0,,,,,,,,,,,1.0
58,Mehidy Hasan Miraz,24.52,68.73,24.0,67.08,ALL,BAN,1.11,5.01,0.0,3.8,0.45,spinners,105.0,,,0.8823529411764706,1.0588235294117647,,0.0,0.0,1.0909090909090908,0.8620689655172413,,,,,,0.0,,,0.0,0.7272727272727273,,,0.7931034482758621,1.0526315789473684,0.0,0.0,,,,0.0,,,0.0,1.1,,,0.8108108108108109,,0.6216216216216216,0.0,0.0,0.0,,0.0,,0.0,,0.6410256410256411,,,0.0,0.84375,,,0.6423841059602649,0.3181818181818182,,,,,0.4561403508771929,0.0,,,,,,0.0,,0.0,0.6158536585365854,,0.24,0.0,0.0,0.0,,,,,0.0,,,,,0.0,,0.0,,0.896551724137931,0.0,0.5555555555555556,,,0.0,0.25,,0.0,0.0,0.5,0.3333333333333333,,,,,,0.0,,,0.0,0.1428571428571428,,,0.0,0.0,0.0,0.0,,,,0.0,,,1.0,0.2,,,0.3333333333333333,,0.0,1.0,0.0,0.0,,0.0,,0.0,,0.0,,,0.0,0.5,,,0.0,0.0,,,,,0.0,1.0,,,,,,0.0,,1.0,0.0909090909090909,,0.0,0.0,1.0,0.0,,,,,0.5,,,,,0.0,,0.0,,0.0,0.0,0.3333333333333333
59,Michael Bracewell,30.22,93.55,11.5,66.61,ALL,NZ,0.96,5.35,2.0,3.62,0.63,spinners,28.0,,0.0,0.0,,0.0,0.0,0.0,,,,,,,,,,,,,0.0,,,,1.2121212121212122,0.95,,,,,,,,,,,0.0,0.0,1.0454545454545454,,,,0.0,,,,,,,,,,,,,2.0416666666666665,,,0.0,,,0.0,,,,,,,,,0.0,,,,,0.0,,,,,0.0,,,0.0,,,,,,1.761904761904762,,,,0.0,0.0,,0.0,0.0,0.0,,,,,,,,,,,,,0.5,,,,0.2,0.2,,,,,,,,,,,1.0,0.0,0.25,,,,0.0,,,,,,,,,,,,,0.5,,,0.0,,,0.5,,,,,,,,,1.0,,,,,0.5,,,,,0.0,,,0.0,,,,,,0.0,,
60,Mitchell Santner,19.13,109.44,9.0,86.66,ALL,NZ,1.13,4.72,1.25,4.8,0.55,spinners,115.0,,,1.0,1.0212765957446808,0.0,,0.0,0.0,0.0,,,0.0,,,,,0.0,,,0.3888888888888889,,,,0.9482758620689656,1.0909090909090908,,,,,,0.0,0.0,0.5263157894736842,,,0.0,,1.02,,0.0,0.0,0.0,0.0,,0.3125,,,,,,,0.0,,0.0,0.6129032258064516,,1.56,,0.0,,0.0,,0.0,,,,,,,0.0,,0.5294117647058824,0.0,0.0,1.3333333333333333,,,,,0.0,,0.0,0.0,,,0.0,,,1.2272727272727273,,,,,0.3333333333333333,0.375,0.0,,0.0,0.3333333333333333,0.0,,,0.0,,,,,0.0,,,0.3333333333333333,,,,0.3,0.1428571428571428,,,,,,0.0,0.0,0.25,,,1.0,,0.0,,0.0,0.0,0.0,0.0,,0.3333333333333333,,,,,,,0.0,,1.0,0.2857142857142857,,0.125,,0.0,,0.3333333333333333,,1.0,,,,,,,0.0,,0.3333333333333333,0.0,1.0,0.0,,,,,0.0,,0.0,0.0,,,0.0,,,0.0,,
61,Mohammad Hasnain,,,,,,,,,0.0,7.25,0.0,medium pacers,15.0,,,0.0,0.0,,,,,,,,,,,,,,,,0.0,,,,,,,,,,,,,,,,,,,,,0.0,,0.0,,0.0,,,,,,,,,,,,,,,,,,,,,,,,,,,,,0.0,,,,,,,,,,,,,,,,,,,,0.5,1.0,,,,,,,,,,,,,,,,0.0,,,,,,,,,,,,,,,,,,,,,0.0,,1.0,,0.0,,,,,,,,,,,,,,,,,,,,,,,,,,,,,0.0,,,,,,,,,,,,,,,,,
62,Mohammad Mahmudullah,33.65,72.65,50.0,85.73,ALL,BAN,0.14,2.35,0.0,0.0,0.38,,239.0,,,0.972972972972973,0.9035087719298246,,,0.0,0.75,0.0,,,,,,0.0,,,0.0,0.8823529411764706,0.0,0.0,0.9722222222222222,,1.8888888888888888,0.8,,,,,,,0.35,0.8064516129032258,,0.0,0.7027027027027027,,1.0,0.8043478260869565,0.0,0.0,,1.380952380952381,0.0,0.8,,1.025,,,0.0,0.5571428571428572,0.0,,0.7986577181208053,,,,,,0.7333333333333333,,,,,,0.0,0.6075949367088608,,0.0,0.6538461538461539,,0.4130434782608695,0.0,0.0,0.7777777777777778,,,,,0.2631578947368421,,,,,0.0,,0.0,,0.6551724137931034,0.0,,,,0.2,0.6666666666666666,,,0.3333333333333333,0.0,0.3333333333333333,,,,,,0.0,,,0.0,0.0,0.0,0.0,0.5,,0.1428571428571428,0.5,,,,,,,0.0,0.0,,0.0,0.3333333333333333,,0.2857142857142857,0.25,0.5,0.0,,0.3333333333333333,0.0,0.6666666666666666,,0.1111111111111111,,,1.0,0.0714285714285714,0.0,,0.0714285714285714,,,,,,0.5,,,,,,0.0,0.0,,0.0,0.4210526315789473,,0.0,0.0,0.0,0.4,,,,,1.0,,,,,0.0,,0.0,,0.25,1.0,
63,Mohammad Nabi,23.41,82.97,25.0,113.03,ALL,AFG,0.98,4.31,1.0,3.06,0.6,spinners,171.0,,,0.0,1.1470588235294117,0.0,0.0,0.0,0.0,,,,,,,,,,,,,,,,0.5833333333333334,1.1851851851851851,,,,,0.0,0.0,0.0,0.0,,,0.0,,1.3157894736842106,,0.0,0.0,1.28,0.0,,0.0,,,,0.6136363636363636,,0.0,0.0,0.6470588235294118,,0.8235294117647058,,1.1891891891891893,0.0,,,1.5,0.6923076923076923,,,,,0.0,,,,,0.0,,,0.926829268292683,,,,,0.0,,,0.8961038961038961,,,,,,0.0,0.0,,,,0.0,0.5,0.0,0.0,0.3333333333333333,0.0,,,,,,,,,,,,,,,,0.0,0.3333333333333333,,,,,0.0,0.0,0.3333333333333333,0.5,,,0.0,,0.2,,0.5,0.6666666666666666,0.0,1.0,,0.6666666666666666,,,,0.2222222222222222,,0.5,1.0,0.3333333333333333,,1.0,,0.0714285714285714,0.0,,,0.3333333333333333,0.0,,,,,0.0,,,,,0.0,,,0.1428571428571428,,,,,0.0,,,0.4,,,,,,0.5,0.0,
64,Mohammad Rizwan,36.93,80.54,54.25,59.25,WK,PAK,,,,,1.23,,88.0,1.2,,0.8787878787878788,1.2950819672131149,,0.935483870967742,0.8787878787878788,0.0,,,0.0,,,1.4,0.0,,,0.7777777777777778,1.0,0.9833333333333332,1.3409090909090908,0.6666666666666666,0.0,1.0,,,,,0.7647058823529411,1.03921568627451,,0.0,0.0,,,0.9649122807017544,,0.5,0.9347826086956522,1.3043478260869563,0.8620689655172413,,1.0740740740740742,,0.92,0.0,0.8513513513513513,0.0,0.95,0.7910447761194029,0.9831932773109244,,,0.0,0.0,,1.2285714285714286,,,,,1.0,0.0,,,0.0,1.2417582417582418,,,0.4375,,0.8518518518518519,1.2,0.7222222222222222,,,0.0,0.0,,1.068181818181818,,,0.9393939393939394,,,0.7666666666666667,0.0,,,1.12,0.4761904761904761,0.0,,0.2857142857142857,0.2857142857142857,,0.0,0.25,0.0,,,0.0,,,0.0,0.0,,,0.5,0.0,0.1666666666666666,0.0,0.0,0.0,0.4,,,,,0.3333333333333333,0.3333333333333333,,0.0,0.0,,,0.25,,0.0,0.25,0.0,0.0,,0.0,,0.0,0.5,0.1818181818181818,0.0,0.0,0.125,0.25,,,0.0,0.0,,0.2,,,,,0.0,0.0,,,1.0,0.0,,,0.3333333333333333,,0.0,0.0,0.0,,,0.5,0.3333333333333333,,0.1111111111111111,,,0.0,,,0.0,0.0,,,0.0,0.5
65,Mohammed Shami,6.73,76.71,2.5,57.5,BOWL,IND,2.14,5.26,1.75,5.96,0.15,fast pacers,105.0,,,0.0,0.0,,,,,,,,0.0,,,,,,,,0.0,,0.0,,,,,,,,0.0,,,,,,,,,,,,,,,0.0,,0.0,,,,,,,,,,0.0,,,,,,,,,,,,,,,,,0.0,,,,,,,,0.0,,,,,,,,,,,,0.0,0.0,,,,,,,,0.0,,,,,,,,0.5,,1.0,,,,,,,,1.0,,,,,,,,,,,,,,,0.5,,0.0,,,,,,,,,,0.5,,,,,,,,,,,,,,,,,1.0,,,,,,,,0.0,,,,,,,,,
66,Mushfiqur Rahim,33.09,73.97,10.0,44.02,WK,BAN,,,,,1.1,,150.0,,,0.8611111111111112,0.7555555555555555,0.0,0.0,,0.0,0.8260869565217391,,,,,,,,0.6,1.0,0.0,0.0,0.0,0.6486486486486487,0.0,0.8148148148148148,0.55,,,,0.4761904761904761,,0.0,0.0,0.5306122448979592,,,0.0,,0.625,0.4634146341463415,0.0,0.0,,0.0,,0.6122448979591837,,0.5921052631578947,,,0.0,0.6527777777777778,,0.8823529411764706,0.8152173913043478,0.0,,,,,,0.0,,,,,,0.6739130434782609,,0.0,0.8896551724137931,,0.9195402298850576,0.0,0.0,0.6190476190476191,,,,,,,,,,,0.0,,,0.7428571428571429,0.0,0.0,,,0.3333333333333333,0.4444444444444444,0.0,0.0,,1.0,0.0,,,,,,,,0.0,1.0,0.75,1.0,0.0,0.0,0.0,0.2,1.0,,,,0.3333333333333333,,0.0,0.0,0.1428571428571428,,,1.0,,0.3333333333333333,0.0,1.0,0.0,,0.0,,0.0,,0.1428571428571428,,,1.0,0.125,,0.0,0.0833333333333333,1.0,,,,,,0.0,,,,,,0.4285714285714285,,0.5,0.4666666666666667,,0.1666666666666666,0.0,0.0,0.25,,,,,,,,,,,0.0,,,0.1666666666666666,0.0,0.0
67,Mustafizur Rahman,2.68,33.33,6.5,50.0,BOWL,BAN,1.2,5.08,1.25,4.26,0.13,fast pacers,109.0,,,0.0,,,,0.0,,0.0,,,,,,,,,0.0,0.5625,,,,,0.0,0.0,,,,0.0,,,0.0,0.0,,0.0,,,0.0,0.0,,0.0,,0.0,,0.0,,0.4,,,,,,,1.1333333333333333,,,,,,,,,,,,,,,,0.0,0.0,,,,0.0,,,,,0.0,,,,,,,,,0.0,,,,,1.0,,,,1.0,,0.0,,,,,,,,,1.0,0.0,,,,,0.0,0.0,,,,0.0,,,0.6666666666666666,0.0,,0.0,,,0.0,0.0,,0.0,,0.0,,0.0,,0.3333333333333333,,,,,,,0.0,,,,,,,,,,,,,,,,0.0,0.0,,,,0.5,,,,,0.0,,,,,,,,,0.0,,
68,Nahid Rana,,,4.0,80.0,BOWL,BAN,,,1.0,3.56,0.67,fast pacers,4.0,,,,,,,,,,,,,,,,,,,,,,,,,,,,,,,,,,,,,,,0.0,,,,,,,,,,,,,,,,,,,,,,,,,,,,,,,,,,,,,,,,,,,,,,,,,,,,,,,,,,,,,,,,,,,,,,,,,,,,,,,,,,,,,,,,,,,0.0,,,,,,,,,,,,,,,,,,,,,,,,,,,,,,,,,,,,,,,,,,,,,,,,,,,,
69,Najmul Hossain Shanto,35.33,66.57,50.0,50.74,BAT,BAN,0.03,0.81,0.0,0.0,0.31,spinners,49.0,,,0.5769230769230769,0.8918918918918919,,,0.0,0.0,1.1388888888888888,,,,,,,,,,1.125,0.0,0.0,1.1666666666666667,,1.6666666666666667,0.0,,,,0.8823529411764706,,,0.6111111111111112,0.0,,,0.0,0.0,0.6666666666666666,0.7142857142857143,,,,0.0,,1.16,,0.0,,,0.5217391304347826,0.76,0.0,0.0,0.6363636363636364,0.0,,,,,0.375,0.0,,,,,,0.8125,,,0.6551724137931034,,0.0,,0.0,0.0,,0.0,,,,,,,,,0.631578947368421,0.0,,0.0,,1.2083333333333333,,,0.5,0.25,,,0.0,0.0,0.1428571428571428,,,,,,,,,,0.1111111111111111,0.0,0.5,0.0,,0.0,0.0,,,,0.3333333333333333,,,0.0,0.0,,,0.0,0.5,0.0,0.0,,,,0.5,,0.5,,0.0,,,0.0,0.0,0.0,0.0,0.4,1.0,,,,,0.5,0.0,,,,,,0.0,,,0.0,,0.5,,0.0,0.5,,0.0,,,,,,,,,0.0,0.0,,0.6666666666666666,,0.3333333333333333
70,Nangeyalia Kharote,,,10.25,63.69,BOWL,AFG,2.67,3.54,0.75,3.8,0.14,,5.0,,,,,,,,,,,,,,,,,,,,,,,,,,,,,,,,,0.0,,,,,,,,,0.0,0.0,,,,,,0.0,,,,,,,,0.0,,,,,,,,,,,,,,,,,,,,,,,,,,0.0,,,,,,,,,,,,,,,,,,,,,,,,,,,,,,,,,,,,,,,,,0.0,,,,,,,,,0.0,1.0,,,,,,1.0,,,,,,,,0.0,,,,,,,,,,,,,,,,,,,,,,,,,,0.0,,,,,,,,
71,Naseem Shah,10.62,100.78,14.75,85.61,BOWL,PAK,2.0,5.13,1.25,5.77,0.08,fast pacers,25.0,,,1.3125,0.0,,,0.0,,0.0,,,,,,,,,0.0,0.0,0.0,,,,,,,,,,,,0.0,,,,,,,,0.0,,,0.0,,0.0,,0.0,,,0.0,0.0,,,0.0,,,,,,,,,,,,,,,0.0,0.4666666666666667,,,,0.0,,,,,,0.0,,,,,,,,,,,0.0,,,0.6666666666666666,0.0,,,0.0,,0.0,,,,,,,,,0.0,0.0,0.0,,,,,,,,,,,,0.0,,,,,,,,0.0,,,0.0,,1.0,,0.6666666666666666,,,0.0,0.0,,,1.0,,,,,,,,,,,,,,,0.0,0.0,,,,0.0,,,,,,0.0,,,,,,,,,,,0.0
72,Nasum Ahmed,3.67,91.51,5.0,48.28,ALL,BAN,1.06,7.74,0.25,8.68,0.18,spinners,18.0,,,,0.0,,,,0.0,0.0,,,,,,,,,,0.0,,0.0,,,,0.0,,,,0.0,,,,,,,0.0,,0.0,0.0,,,,,,,,,,,,,,,,0.0,,,,,0.0,,,,,,,0.0,,,0.0,,0.9473684210526316,,0.0,0.0,,,,,,,,,,,,,,,,,,,,0.0,,,,0.0,0.3333333333333333,,,,,,,,,,0.0,,1.0,,,,1.0,,,,0.0,,,,,,,0.0,,0.0,1.0,,,,,,,,,,,,,,,,0.0,,,,,0.0,,,,,,,0.0,,,0.0,,0.0,,0.0,0.0,,,,,,,,,,,,,,,,
73,Nathan Ellis,5.0,113.89,10.75,85.62,BOWL,AUS,1.33,5.28,1.0,5.42,0.4,fast pacers,10.0,,,,,,,0.0,,,,,,,,,,,,,,,,,,0.0,,,,,,,,0.0,,,0.75,,,,,0.0,,0.0,,,,,,,,0.0,,,,,,,,,,,,,,,,,,,,,,,,0.0,,,,,0.0,,,,,,,,,,,,,,,,,,0.0,,,,,,,,,,,,,,,,,,0.0,,,,,,,,0.0,,,0.0,,,,,1.0,,0.0,,,,,,,,0.0,,,,,,,,,,,,,,,,,,,,,,,,0.0,,,,,0.0,,,,,,,,,,,
74,Nathan Smith,,,6.5,42.78,BOWL,NZ,1.0,6.87,1.0,7.29,0.71,fast pacers,7.0,,,,,,,,,,,,,,,,,,,,,,,,,,,,,,,,,,,,,,,,,,,,,,,,,,,,,,,,,,,,,,,,,,,,,,,,,,,,,,,,,,,,,,,,,,,,,,,,,,,,,,,,,,,,,,,,,,,,,,,,,,,,,,,,,,,,,,,,,,,,,,,,,,,,,,,,,,,,,,,,,,,,,,,,,,,,,,,,,,,,,,
75,Naveed Zadran,,,5.0,76.78,BOWL,AFG,,,0.75,5.08,0.0,medium pacers,4.0,,,,,,,,,,,,,,,,,,,,,,,,,,,,,,,,,,,,,,,,,,,,,,,,,,,,,,,,,,,,,,,,,,,,,,,,,,,,,,,,,,,,,,,,,,,,,,,,,,,,,,,,,,,,,,,,,,,,,,,,,,,,,,,,,,,,,,,,,,,,,,,,,,,,,,,,,,,,,,,,,,,,,,,,,,,,,,,,,,,,,,
76,Noor Ahmad,2.0,200.0,9.5,46.02,BOWL,AFG,0.88,6.17,0.75,6.29,0.08,spinners,15.0,,,,,,,0.0,,,,,,,,,,,,,,,,,,,,,,,,,,0.625,,,0.0,,0.0,,,,,,,,,,,,,,,,,,,,,,,,,,,,,,,,,,,,,,,,,,0.0,,,,,,,,,,0.0,,,,,,,,1.0,,,,,,,,,,,,,,,,,,,,,,,,,,0.0,,,0.0,,0.0,,,,,,,,,,,,,,,,,,,,,,,,,,,,,,,,,,,,,,,,,,1.0,,,,,,,,,,1.0,
77,Philip Salt,30.72,136.14,21.75,138.35,WK,ENG,,,,,0.67,,31.0,2.0,,0.0,,,,0.8666666666666667,0.0,0.0,,0.7368421052631579,,,,,,,,0.0,,,,,1.5333333333333334,1.4375,,,,,,,,0.0,,,,,,,,0.0,,0.0,,,,,0.0,,,,0.0,,,0.0,,1.2777777777777777,,,,0.0,1.3529411764705883,,,,,,,,,,0.0,,0.0,0.9411764705882352,,,0.0,,,,,0.8695652173913043,,,,0.0,,,,,0.3333333333333333,,0.5,,,,0.5,0.0,1.0,,1.0,,,,,,,,0.0,,,,,0.3333333333333333,0.6666666666666666,,,,,,,,1.0,,,,,,,,0.0,,0.0,,,,,1.0,,,,0.3333333333333333,,,0.0,,0.0,,,,0.25,0.5,,,,,,,,,,0.0,,0.3333333333333333,0.0,,,0.0,,,,,0.25,,,,0.0,,,,
78,Rachin Ravindra,39.05,95.65,37.5,100.49,ALL,NZ,0.69,4.95,0.0,1.16,0.24,spinners,30.0,,0.0,2.0,1.0,1.0,,,0.0,0.0,,,0.0,,,,,0.0,,,1.2916666666666667,,,0.0,,1.2244897959183674,,,,,,,0.0,,,,,,1.125,,1.0,0.0,1.2666666666666666,0.4666666666666667,,0.0,,,,0.9714285714285714,,,0.0,0.0,0.0,1.04,,1.0,0.0,0.0,,0.0,0.3684210526315789,,,,,,,,0.0,,0.9655172413793104,,,1.1458333333333333,,,,,,,0.0,1.0555555555555556,,,,,,,,,,1.0,0.0,0.0,0.3333333333333333,,,1.0,1.0,,,0.0,,,,,0.0,,,0.0,,,0.0,,0.4444444444444444,,,,,,,0.0,,,,,,0.0,,0.0,0.0,1.0,0.5,,0.0,,,,0.0,,,0.0,1.0,0.0,1.0,,0.3333333333333333,0.0,0.0,,0.5,0.4,,,,,,,,0.0,,0.0,,,0.0,,,,,,,0.5,0.0,,,,,,,,
79,Rahmanullah Gurbaz,36.24,68.75,29.75,55.14,WK,AFG,0.0,0.0,0.0,0.0,0.51,spinners,47.0,,,0.0,0.0,,0.8333333333333334,1.1428571428571428,0.0,0.0,,,,,,0.0,,0.0,,,0.0,,,,0.0,1.4081632653061225,,,,,,,0.0,0.8666666666666667,,,0.0,,0.0,,,0.82,0.0,0.0,,0.9545454545454546,,1.125,,0.96875,0.0,0.0,0.0,0.0,0.0,0.0,,0.851063829787234,0.2692307692307692,0.0,,0.918032786885246,0.5897435897435898,,,,0.0,0.0,,,,,0.0,,,0.611764705882353,,0.0,,,,,0.0,0.7024793388429752,,,,,,0.0,0.0,,,,0.0,0.0,,0.0,0.0,1.0,0.0,,,,,,0.0,,1.0,,,0.0,,,,0.5,0.4,,,,,,,1.0,0.0,,,1.0,,1.0,,,0.3333333333333333,1.0,0.5,,0.3333333333333333,,0.5,,0.25,0.0,0.0,0.0,0.0,0.0,0.0,,0.3,0.0,0.0,,0.2,0.2,,,,1.0,0.0,,,,,1.0,,,0.5,,0.0,,,,,0.0,0.4666666666666667,,,,,,0.0,0.0,
80,Rahmat Shah,33.76,60.96,28.0,59.04,BAT,AFG,0.02,0.65,0.0,0.0,0.22,medium pacers,121.0,,,0.75,0.0,,0.9615384615384616,,0.0,,,,,,,,,,,,0.0,0.0,,,0.9444444444444444,0.0,,,,,,,0.2758620689655172,0.6,,,0.8444444444444444,,0.6,,,0.6739130434782609,,0.0,,0.0,,0.0,,0.6923076923076923,,0.9375,0.0,0.875,,0.0,,0.56,0.0,,,,0.6363636363636364,,,,,0.0,,,,,0.0,,,0.8857142857142857,,,,,,,,0.4591836734693877,,,0.0,,,,0.8372093023255814,,,,0.5,1.0,,0.0,,1.0,,,,,,,,,,,,1.0,0.0,,,0.0,0.0,,,,,,,0.6666666666666666,0.5,,,0.0,,0.0,,,0.2,,0.0,,0.0,,0.0,,0.1666666666666666,,0.0,0.0,0.0,,0.0,,0.25,0.0,,,,0.0,,,,,1.0,,,,,1.0,,,0.25,,,,,,,,0.5,,,0.0,,,,0.0,
81,Rashid Khan,13.08,102.97,10.75,104.22,BOWL,AFG,1.57,3.99,1.0,4.31,0.21,spinners,112.0,,,0.0,0.0,,,0.0,0.0,,,,,,,0.0,,,,,0.0,,,,0.0,0.0,,,,,,0.0,0.0,1.2,,,0.6842105263157895,,0.0,,0.0,0.75,,,,1.0666666666666669,,,,0.0,,0.0,0.0,,,0.0,,0.9411764705882352,,,,0.0,,,,,,,,,,,0.0,,,0.0,,,,,0.0,,0.0,1.3461538461538465,,,,,,,0.0,,,,1.0,1.0,,,0.5,0.0,,,,,,,0.0,,,,,0.0,,,,0.0,0.5,,,,,,1.0,1.0,0.0,,,0.5,,0.0,,0.0,0.25,,,,0.0,,,,0.25,,0.0,0.0,,,0.5,,0.5555555555555556,,,,0.0,,,,,,,,,,,0.0,,,1.0,,,,,0.0,,0.0,0.1666666666666666,,,,,,,0.0,
82,Rassie van der Dussen,39.33,74.18,29.5,78.54,BAT,SA,0.02,0.07,0.0,0.0,0.43,,69.0,0.0,0.7727272727272727,1.3555555555555556,0.954248366013072,0.0,,0.6,0.8333333333333334,,,,0.8333333333333334,,,0.0,0.0,0.9080459770114944,0.0,,0.945945945945946,0.0,0.0,0.0,0.4736842105263157,1.2260869565217392,,,,,,0.9642857142857144,1.25,,,,,,0.6666666666666666,,0.0,,,,,1.6111111111111112,,0.6666666666666666,,1.0344827586206895,,0.9821428571428572,1.1219512195121952,0.0,1.064516129032258,0.0,,1.0740740740740742,,,,0.0,0.0,0.7727272727272727,,,0.8125,0.0,,0.0,1.0238095238095235,,0.0,,0.4285714285714285,0.8205128205128205,0.0,0.0,0.0,,,,,0.8333333333333334,,,0.0,,,0.0,,,1.0,0.0,0.2,0.2142857142857142,1.0,,0.3333333333333333,0.25,,,,0.0,,,0.0,0.0,0.1428571428571428,0.0,,0.0,0.0,0.0,0.0,0.0,0.1111111111111111,,,,,,0.0,0.5,,,,,,0.0,,1.0,,,,,0.0,,0.0,,0.3333333333333333,,0.3333333333333333,0.6666666666666666,0.0,0.0,1.0,,0.0,,,,0.0,1.0,0.0,,,0.5,0.0,,0.0,0.0,,0.5,,0.5,0.1428571428571428,0.0,0.0,0.0,,,,,0.3333333333333333,,,0.0,,,0.0,,
83,Ravindra Jadeja,18.06,73.06,15.25,127.84,ALL,IND,1.1,4.07,1.75,4.05,0.5,spinners,201.0,,,0.6235294117647059,0.0,,0.0,,,,,,0.0,,,,0.0,,,0.0,0.6428571428571429,0.0,,,,0.0,,,,,,,0.0,0.0,,,,,0.9696969696969696,0.0,0.0,0.0,0.0,0.0,,,,0.0,0.0,0.8947368421052632,,1.105263157894737,,0.0,0.0,,,0.7391304347826086,,,,1.0,0.0,0.0,,,,0.0,,,0.0,,,,0.8983050847457628,0.0,,,,,0.0,0.0,,0.0,,,0.0,,,,,,,,0.25,1.0,,0.0,,,,,,0.0,,,,0.0,,,1.0,0.0,0.0,,,,0.0,,,,,,,0.0,0.5,,,,,0.0,0.0,0.3333333333333333,0.0,0.0,0.0,,,,0.0,0.0,0.0,,0.0,,0.0,0.0,,,0.5,,,,0.0,0.0,1.0,,,,0.0,,,1.0,,,,0.0,1.0,,,,,0.0,1.0,,0.0,,,0.0,,,,,
84,Rishabh Pant,37.89,87.73,39.0,76.24,WK,IND,,,,,1.36,,30.0,,,1.3793103448275863,1.588235294117647,,0.8235294117647058,,,,,,0.5,,,0.0,,,0.0,0.0,0.0,,0.0,,,0.0,,,,,,0.0,0.0,0.0,,,0.9629629629629628,,,,0.92,0.0,0.0,0.0,,1.1666666666666667,,0.6666666666666666,,0.0,,0.8888888888888888,0.0,0.0,0.0,0.0,,1.4782608695652173,,,,0.0,,,,,,,,,0.0,,,,,0.0,,0.0,,,0.9777777777777776,,0.0,,,,,,,,,,,,0.0,0.0,,0.0,,,,,,0.5,,,0.5,,,0.0,0.0,0.0,,0.0,,,0.0,,,,,,0.0,0.25,0.0,,,0.6,,,,0.2,0.3333333333333333,0.5,0.0,,0.0,,0.0,,0.0,,0.5,0.0,0.0,0.0,0.0,,0.0,,,,0.0,,,,,,,,,0.3333333333333333,,,,,0.0,,0.3333333333333333,,,0.1428571428571428,,0.0,,,,,,,,,
85,Rishad Hossain,9.87,104.46,1.75,108.33,ALL,BAN,1.23,7.4,1.5,10.06,0.43,spinners,,,,,,,,,,,,,,,,,,,,,,,,,,,,,,,,,,,,,,,,,,,,,,,,,,,,,,,,,,,,,,,,,,,,,,,,,,,,,,,,,,,,,,,,,,,,,,,,,,,,,,,,,,,,,,,,,,,,,,,,,,,,,,,,,,,,,,,,,,,,,,,,,,,,,,,,,,,,,,,,,,,,,,,,,,,,,,,,,,,,,,,
86,Rohit Sharma,42.76,106.89,45.25,107.36,BAT,IND,0.02,0.33,0.0,0.0,0.42,spinners,230.0,,,1.0202702702702702,1.125,,,,,1.9166666666666667,,,2.0,,,1.875,,0.0,1.5625,1.4666666666666666,1.2830188679245282,,0.0,,,1.4516129032258065,,,,1.619047619047619,,0.0,0.7916666666666666,0.7642857142857142,,,1.1176470588235294,,0.4666666666666667,,1.5625,1.3636363636363635,,0.0,,0.925,0.0,0.9019607843137256,,1.103448275862069,0.0,1.1472081218274113,0.0,1.375,0.0,,,1.1914893617021276,,,,0.8,0.0,,,,,,,,1.7307692307692308,,,,0.0,0.8333333333333334,,0.0,,,0.9242424242424242,0.0,0.0,0.9361702127659576,,,1.3703703703703705,,,,,,,,0.3571428571428571,0.3636363636363636,,,,,0.3333333333333333,,,0.0,,,0.0,,0.0,0.0,0.5,0.2857142857142857,,0.0,,,0.4,,,,0.0,,0.0,0.2,0.4285714285714285,,,1.0,,0.0,,0.0,0.6,,0.0,,0.2,0.0,0.3333333333333333,,0.0,1.0,0.2,0.0,0.2,0.0,,,0.1333333333333333,,,,0.0,0.0,,,,,,,,0.5,,,,0.5,0.5714285714285714,,1.0,,,0.0,0.0,0.5,0.0,,,0.0,,,,,
87,Ryan Rickelton,36.0,68.9,45.75,93.61,WK,SA,,,,,1.14,,7.0,,0.0,,,0.0,,1.1304347826086956,,0.0,,,,,,,,,,0.9565217391304348,,,1.0666666666666669,,0.0,0.0,,,,,,,,,,,,,,,,,,,,,,,,,,,,,0.7692307692307693,,,,,,,0.0,,,,,0.0,,,,0.8333333333333334,,,,,0.0,,,,,,,,,,,,0.0,,,,,,0.0,,,1.0,,0.5,,0.0,,,,,,,,,,0.0,,,0.0,,0.3333333333333333,0.0,,,,,,,,,,,,,,,,,,,,,,,,,,,,,0.0,,,,,,,0.0,,,,,0.0,,,,0.0,,,,,0.0,,,,,,,,,,,,1.0,,,,
88,Salman Agha,30.67,94.01,60.0,107.12,ALL,PAK,0.48,4.22,0.25,5.28,0.49,spinners,,,,,,,,,,,,,,,,,,,,,,,,,,,,,,,,,,,,,,,,,,,,,,,,,,,,,,,,,,,,,,,,,,,,,,,,,,,,,,,,,,,,,,,,,,,,,,,,,,,,,,,,,,,,,,,,,,,,,,,,,,,,,,,,,,,,,,,,,,,,,,,,,,,,,,,,,,,,,,,,,,,,,,,,,,,,,,,,,,,,,,,
89,Saqib Mahmood,,,3.0,37.5,BOWL,ENG,2.25,4.34,0.75,6.71,0.0,medium pacers,12.0,,,0.0,,,,,,,,,,,,,,,,,,,,,,,,,,,,,,,,,,,,,,,,,,,,,,,,,,,,,,,,,,,,,,,,,,,,,,,0.0,,,,,,,,,,,,,,,,,,,,0.0,,,,,,,,,,,,,,,,,,,,,,,,,,,,,,,,,,,,,,,,,,,,,,,,,,,,,,,,,,,,,,,,,,,,,,,1.0,,,,,,,,,,,,,,,,,
90,Saud Shakeel,26.42,86.79,22.75,66.01,BAT,PAK,0.07,0.88,0.0,0.0,0.32,spinners,19.0,,,0.0,0.0,0.0,,,,,,,,,0.0,0.0,,0.0,,,0.0,0.0,,0.0,,,,,,,,,,,,,0.0,,0.0,0.4,,0.0,,0.0,,,,0.0,,,,0.0,,,0.6875,,,,,,,,,0.0,,,0.0,1.6363636363636365,,,0.0,,,,,,,0.0,,,1.0,,,,,,0.0,,,,0.0,0.0,,,0.0,1.0,0.0,,,,,,,,,1.0,0.0,,0.0,,,0.0,0.0,,0.0,,,,,,,,,,,,,0.0,,1.0,0.5,,0.0,,0.0,,,,0.0,,,,0.0,,,0.5,,,,,,,,,0.0,,,0.0,0.0,,,0.0,,,,,,,0.0,,,1.0,,,,,,1.0,,,,0.0,1.0
91,Sean Abbott,20.13,102.95,16.25,63.39,BOWL,AUS,1.18,5.67,1.25,5.82,0.5,,28.0,,,,0.0,,,,0.0,,,,0.0,,,,,,,,,,,,0.0,1.0,,,,,,,0.0,0.0,,,0.45,,0.0,,,0.0,,0.0,,0.0,,0.0,0.0,,,,0.0,,,0.7692307692307693,,,,,,0.7894736842105263,,,,,,,,,,,0.0,,,1.303030303030303,,,0.0,,0.0,,,,,,,,,,,,,,,0.0,,,,1.0,,,,0.0,,,,,,,,,,,,0.0,0.4,,,,,,,0.5,0.0,,,1.0,,0.0,,,0.0,,0.0,,0.0,,1.0,0.0,,,,0.0,,,0.4,,,,,,0.0,,,,,,,,,,,1.0,,,0.6,,,0.0,,0.0,,,,,,,,,,,
92,Sediqullah Atal,24.67,74.75,44.0,83.81,BAT,AFG,0.0,0.0,0.0,0.0,0.62,,7.0,,,,,,,,,,,,,,,,,,,,,,,,,,,,,,,,,,,,,,,,,,,,,,,,,,,,,,,,,,,,,0.0,,,,,,,,,,,,,,,,,,,,0.0,,,,,,,,,,,,,,,,,,,,,,,,,,,,,,,,,,,,,,,,,,,,,,,,,,,,,,,,,,,,,,,,,,,,,,,0.0,,,,,,,,,,,,,,,,,,,,1.0,,,,,,,,,,
93,Shaheen Shah Afridi,8.0,93.74,6.25,48.8,BOWL,PAK,2.03,5.61,1.25,6.91,0.29,fast pacers,64.0,0.0,,1.6,0.0,,,0.0,,0.0,,,,,,,,,0.0,0.0,,0.0,,0.0,0.0,,,,,,,,0.0,0.0,,,,,0.0,,0.0,,,0.0,,,0.0,0.0,,,0.0,0.0,,,,0.0,,0.0,,,,,,0.0,,,,0.0,,,0.0,,0.0,,0.0,,,,0.0,,0.0,,,,,,,,,,,,0.0,,0.4,0.0,,,0.0,,0.0,,,,,,,,,0.0,1.0,,0.0,,1.0,0.0,,,,,,,,0.0,0.5,,,,,0.0,,1.0,,,1.0,,,0.0,0.6666666666666666,,,0.0,0.0,,,,0.0,,0.0,,,,,,0.5,,,,0.5,,,1.0,,0.0,,0.0,,,,0.0,,0.6666666666666666,,,,,,,,,,,
94,Shreyas Iyer,42.9,98.0,48.25,96.82,BAT,IND,0.0,0.36,0.0,0.0,0.41,spinners,67.0,0.0,,0.9710144927536232,0.0,,1.25,,,0.0,,0.0,,,,0.0,,,,0.0,1.3157894736842106,0.0,,,,0.9629629629629628,,,,,0.0,,0.0,0.631578947368421,,,0.7613636363636364,,,0.8787878787878788,0.0,0.9230769230769232,,1.6571428571428573,,1.391304347826087,,0.0,0.0,1.36,,0.9642857142857144,,0.0,,0.0,,0.84375,,,,,0.78125,0.0,,,,1.6666666666666667,,,0.0,,,,0.0,0.0,,1.5625,0.0,,1.2282608695652173,1.2727272727272727,,0.0,,,,,,,0.0,,0.0,,0.25,0.0,,0.0,,,0.0,,0.0,,,,0.0,,,,0.0,0.3333333333333333,0.0,,,,0.5,,,,,0.0,,0.3333333333333333,0.0,,,0.0,,,0.0,0.0,0.8333333333333334,,0.1666666666666666,,0.5,,0.0,0.0,1.0,,0.0833333333333333,,0.0,,0.0,,0.0,,,,,0.0,1.0,,,,0.0,,,0.0,,,,1.0,0.0,,0.5,0.0,,0.2,0.3333333333333333,,0.0,,,,,,,0.0,
95,Shubman Gill,52.58,93.78,79.75,97.98,BAT,IND,0.0,0.43,0.0,0.0,0.77,spinners,52.0,,,0.7872340425531915,,,,,,,,,,,,1.0,,0.8666666666666667,,0.0,0.0,0.0,,,,0.6111111111111112,,,,0.0,,,,0.625,,,0.0,,,0.0,,0.8181818181818182,,1.25,,,,0.7721518987341772,0.0,1.0,1.489795918367347,1.1239669421487604,,,,,,1.4375,,,,0.6470588235294118,0.7115384615384616,,,,,0.0,,,,,,,1.0674157303370786,1.146341463414634,,,0.6875,,,,0.0,,,,,,,,,,,,0.5,,,,,,,,,,,,0.2,,0.0,,0.0,0.0,0.0,,,,0.5,,,,0.0,,,,0.6666666666666666,,,1.0,,,0.0,,0.5,,0.0,,,,0.1666666666666666,0.0,0.5,0.1428571428571428,0.1,,,,,,0.0,,,,0.0,0.0,,,,,0.0,,,,,,,0.0,0.5,,,0.0,,,,0.0,,,,,,,,,
96,Soumya Sarkar,30.75,50.72,23.5,61.39,BAT,BAN,0.36,5.04,0.25,4.5,0.56,spinners,150.0,,,,,,,0.0,,0.9,,,,,,,,,,1.03125,,0.0,0.0,,0.0,0.0,,,,1.0625,,,0.0,1.1153846153846154,,0.0,,,0.0,0.5625,,0.0,,,,0.0,,0.95,,,0.0,0.8055555555555556,0.0,,0.8,1.3076923076923077,,,,,,0.0,,,,,,0.4666666666666667,,,0.1875,,0.0,,,0.0,,,,,,,,,,,,,,0.96,,1.148148148148148,,,,,,,1.0,,0.5,,,,,,,,,,0.0,,0.0,0.0,,1.0,0.0,,,,0.0,,,1.0,0.5,,0.0,,,0.0,0.0,,0.0,,,,0.0,,0.6,,,0.0,0.1666666666666666,0.0,,0.1666666666666666,0.0,,,,,,0.5,,,,,,0.0,,,1.0,,0.0,,,0.3333333333333333,,,,,,,,,,,,,,0.25,,1.0
97,Spencer Johnson,,,4.0,50.0,BOWL,AUS,,,0.5,6.28,0.0,fast pacers,4.0,,,,,,,,,,,,,,,,,,,,,,,,,0.0,,,,,,,,,,,,,,,,,,,,,,,,,,,,,,,,,,,,0.0,,,,,,,,,,,,,,,,,,,,,,,,,,,,,,,,,,,,,,,,,,,,,,,,,,,,,,,0.0,,,,,,,,,,,,,,,,,,,,,,,,,,,,,,,,,,,,0.0,,,,,,,,,,,,,,,,,,,,,,,,,,,,,,
98,Steven Smith,35.69,77.2,20.25,78.03,BAT,AUS,0.0,0.0,0.0,0.0,0.48,,168.0,,,,0.7142857142857143,,0.0,0.0,1.0454545454545454,,,,0.7619047619047619,,,0.0,,,,,,0.0,,,1.0674157303370786,0.85,,,,,,0.625,0.6071428571428571,0.9772727272727272,,,0.7647058823529411,,0.8571428571428571,0.0,0.0,0.95,,0.0,,0.8133333333333334,,1.09375,,0.0,,0.6829268292682927,0.9444444444444444,,,1.0113636363636365,,0.6428571428571429,,,,0.8888888888888888,1.2222222222222223,,,,,0.0,,,0.0,,1.0671140939597314,,,0.5652173913043478,,0.0,,,0.6790123456790124,,,0.0,,,,0.0,0.0,0.8666666666666667,0.0,,,,,0.4,,0.0,0.0,0.0,,,,0.0,,,0.0,,,,,,1.0,,,0.4166666666666667,0.6666666666666666,,,,,,0.5,0.2,0.1,,,0.0,,0.2222222222222222,0.0,0.5,0.1666666666666666,,0.0,,0.3333333333333333,,0.0,,0.0,,0.5,0.5,,,0.4285714285714285,,0.5,,,,0.0,0.0,,,,,0.0,,,0.0,,0.1111111111111111,,,0.0,,0.0,,,0.3333333333333333,,,0.0,,,,0.0,0.0,0.3333333333333333,0.0,
99,Tabraiz Shamsi,2.75,40.57,4.25,76.88,BOWL,SA,1.59,5.55,0.25,6.32,0.12,spinners,55.0,,,0.0,0.0,,,0.0,0.0,,,,,,,,,0.0,,,,,,,,0.0,,,,,,,0.0,,,,,,0.0,,,,,,,,,,,,,,,,,,,,,,,,,,,,,,,,,,0.0,,0.0,0.0,,,0.0,,,,,,,,,,,,,,,,0.0,0.0,,,0.0,0.0,,,,,,,,,0.0,,,,,,,,0.3333333333333333,,,,,,,1.0,,,,,,0.5,,,,,,,,,,,,,,,,,,,,,,,,,,,,,,,,,,0.0,,1.0,0.0,,,1.0,,,,,,,,,,,,,
100,Tanveer Sangha,,,2.5,15.62,BOWL,AUS,,,0.67,6.97,0.0,,10.0,,,,,,,0.0,,,,,,,,,,,,,,,,,,,,,0.0,,,,,,,,,,,,,,,,,,,,,,,,,,,,,,,,,,,,,,,,,,,,,,,,,,,,,,0.0,,,,,,,,,,,,,,,,0.0,,,,,,,,,,,,,,,,,,,,,0.0,,,,,,,,,,,,,,,,,,,,,,,,,,,,,,,,,,,,,,,,,,,,,,,,,,,,,,0.0,,,,,,,,,
101,Tanzid Hasan,35.33,110.91,32.75,111.32,BAT,BAN,,,,,0.57,,23.0,,,,,,,0.9375,0.0,0.0,,,,,,,,,,0.6666666666666666,,,,0.0,0.0,,,,,,,,,0.0,,,,,0.0,0.0,,,,0.0,,0.0,,1.0,,,0.0,,,,0.0,0.0,,,,,,,,,,,,,,,,,0.0,,0.0,0.0,,,,,,,,,,,,,0.0,0.0,,,,,,,,,0.0,0.0,0.0,,,,,,,,,,0.2,,,,0.0,0.3333333333333333,,,,,,,,,1.0,,,,,1.0,0.0,,,,0.5,,1.0,,0.0,,,1.0,,,,1.0,0.0,,,,,,,,,,,,,,,,,0.0,,1.0,1.0,,,,,,,,,,,,,0.0,1.0,,
102,Tanzim Sakib,2.57,66.9,10.5,100.87,BOWL,BAN,1.21,7.71,1.75,11.02,0.61,,10.0,,,,,,,0.0,,,,,,,,,,,,,,,0.0,,,,,,,0.0,,,,,,,,,,,,,,,,,,,,,,,,,,,,,,,,,,,,,0.0,,,,0.0,,,,,,,,,,,,,,,,,0.0,,,,0.0,,,,,,,0.0,,,,,,,,,,,,,,,1.0,,,,,,,0.0,,,,,,,,,,,,,,,,,,,,,,,,,,,,,,,,,,,,,0.0,,,,0.0,,,,,,,,,,,,,,,,,0.0,,,,0.0
103,Taskin Ahmed,7.65,63.14,1.5,23.33,BOWL,BAN,1.48,5.01,0.5,3.83,0.07,medium pacers,79.0,,,0.0,1.0,,,0.0,,0.0,,,,,,,,,,0.0,0.0,,0.0,,0.8823529411764706,0.0,,,,,,,0.0,0.0,,,0.0,,0.0,0.0,0.0,0.0,,0.0,,0.0,,0.4615384615384615,,,,0.2142857142857142,,,0.0,,,,,,,,,,,,,0.0,,,0.0,0.0,0.0,0.0,0.0,0.0,,,,,0.0,,,,,,,0.0,,0.0,,0.0,,,0.0,0.0,,,0.0,,0.0,,,,,,,,,,0.0,0.0,,0.0,,0.0,0.1666666666666666,,,,,,,0.5,0.0,,,0.0,,0.0,0.3333333333333333,0.0,0.0,,0.0,,0.0,,0.25,,,,0.4,,,0.0,,,,,,,,,,,,,0.0,,,0.6666666666666666,0.0,0.0,0.0,0.0,0.3333333333333333,,,,,0.0,,,,,,,0.0,,0.0,,0.0
104,Tawhid Hridoy,23.72,121.64,22.75,101.38,BAT,BAN,,,,,0.19,,35.0,,,0.8928571428571429,0.8604651162790697,,,0.0,0.6176470588235294,1.2903225806451613,0.0,,,,,,,0.0,0.0,1.1176470588235294,0.0,,0.0,,1.2941176470588236,0.0,0.2666666666666666,,,0.0,,,0.0,0.0,,,0.0,,0.0,,0.0,,,0.0,,0.0,,0.0,,,0.2666666666666666,0.52,,,1.0238095238095235,0.0,,,,,0.0,,,,,,,0.0,,,0.5344827586206896,,0.3235294117647059,,0.0,0.0,,,,,,0.4705882352941176,,,,,0.0,1.368421052631579,,0.0,,0.7575757575757576,,,0.0,0.0,,,0.0,0.5,0.25,0.0,,,,,,,0.0,0.0,0.25,0.0,,1.0,,0.0,1.0,0.0,,,0.0,,,0.0,1.0,,,0.0,,0.5,,1.0,,,0.0,,0.0,,0.0,,,1.0,0.6666666666666666,,,0.0,1.0,,,,,0.3333333333333333,,,,,,,0.0,,,0.5,,0.0,,0.0,0.0,,,,,,0.0,,,,,0.0,0.3333333333333333,,0.0,,0.0
105,Tayyab Tahir,13.0,115.13,21.0,126.5,BAT,PAK,,,,,0.5,,8.0,,,,,,,,,0.0,,,,,0.0,,,,,0.0,,0.0,,,,,,,,,,,,0.0,,,,,,,,0.0,,0.0,,,,0.0,,,,0.0,0.6521739130434783,,0.0,,,,,,,,,,0.0,,,0.0,,,0.0,,,,,,,,,,,,,,,,,,,,,0.0,,,,,,,,,0.0,,,,,0.0,,,,,0.0,,0.0,,,,,,,,,,,,0.0,,,,,,,,0.0,,1.0,,,,1.0,,,,0.5,0.0,,1.0,,,,,,,,,,0.0,,,0.0,,,0.5,,,,,,,,,,,,,,,,,,,,,0.0
106,Temba Bavuma,35.78,78.88,42.0,95.5,BAT,SA,0.0,0.1,0.0,0.0,0.63,spinners,47.0,0.0,0.0,0.7413793103448276,1.346938775510204,0.0,,0.0,1.0454545454545454,0.9411764705882352,,,,,,,,0.625,0.0,0.6956521739130435,0.0,,1.0689655172413792,,2.0,1.3076923076923077,,,,,,1.0,0.8709677419354839,,,,,0.0,,,,,,,,0.0,,1.0454545454545454,0.0,0.8,,,0.9655172413793104,,0.6976744186046512,0.0,,0.4705882352941176,,,,0.7272727272727273,0.0,0.8,,0.0,0.0,,,,0.8125,,0.8636363636363636,0.0,0.9148936170212766,0.8709677419354839,,0.0,,,,0.0,,0.64,,,0.0,,,0.0,,,0.0,0.0,0.3333333333333333,0.5,0.0,,1.0,0.2,0.3333333333333333,,,,,,,,0.0,0.0,0.0,1.0,,0.0,,0.0,0.2,,,,,,0.0,0.25,,,,,0.0,,,,,,,,0.3333333333333333,,0.0,0.0,0.0,,,0.3333333333333333,,0.4,1.0,,0.0,,,,0.5,0.0,0.0,,0.0,0.0,,,,0.0,,0.3333333333333333,0.0,0.2,0.1428571428571428,,0.0,,,,1.0,,0.1666666666666666,,,0.0,,,0.0,,
107,Tom Banton,20.9,119.58,29.5,139.84,BAT,ENG,,,,,0.69,,7.0,,,0.0,,,,,,,,,,,,,,,,,,,,,,,,,,,,,,,,,0.0,,,,,0.0,,1.4705882352941178,,,,,,,,0.0,,,,,,,,,,,,,,,,1.16,,,,,,,,,,,,,0.8571428571428571,,,,,,,,,,,,,,0.0,,,,,,,,,,,,,,,,,,,,,,,,,,,,,,,,,1.0,,,,,0.0,,0.0,,,,,,,,1.0,,,,,,,,,,,,,,,,1.0,,,,,,,,,,,,,0.3333333333333333,,,,,,,,,,,
108,Tom Latham,31.91,71.37,43.5,50.24,WK,NZ,,,,,0.89,,154.0,,0.0,0.9714285714285714,0.8939393939393939,0.8148148148148148,,1.4285714285714286,0.7472527472527473,1.4705882352941178,,,0.0,,,,,0.8,,0.0,0.7916666666666666,,0.0,0.0,0.7563025210084033,1.2105263157894737,,0.0,,,,0.0,0.5238095238095238,0.074074074074074,,,0.0,0.9444444444444444,1.0978260869565215,,,0.0,1.103448275862069,0.0,,1.3103448275862069,,,,1.0,,,,0.7777777777777778,0.0,0.391304347826087,,1.0070422535211268,0.5294117647058824,0.8125,,0.9791666666666666,0.0,,,,,,,,0.7058823529411765,,0.9411764705882352,,0.0,0.8979591836734694,,1.1842105263157894,,0.0,1.2272727272727273,,0.0,1.380952380952381,,,,,,0.6857142857142857,,,,0.0,0.5,0.1666666666666666,0.0,,0.0,0.2857142857142857,0.0,,,0.0,,,,,0.5,,0.0,0.3333333333333333,,0.0,0.0,0.0,0.4,,0.0,,,,0.0,0.0,0.25,,,0.0,0.0,0.4285714285714285,,,0.0,0.0,1.0,,0.0,,,,0.2222222222222222,,,,0.0,0.0,0.1666666666666666,,0.25,0.0,0.0,,0.0,0.0,,,,,,,,0.0,,0.3333333333333333,,0.5,0.3333333333333333,,0.1666666666666666,,0.0,0.0,,0.0,0.0,,,,,,0.0,,
109,Tony de Zorzi,38.9,95.03,23.25,105.06,BAT,SA,,,,,0.0,,14.0,,0.0,,,0.0,,0.6382978723404256,0.8333333333333334,1.0,,,,,,,,,,0.5333333333333333,,,,,,0.0,,,,,,,,,,,,,1.24,,,,,,,,,,,,,,,,0.75,,,,,,,0.9,,,,0.0,,,,,0.0,,,,,1.0961538461538465,,,,,,,,,,,,,,0.6153846153846154,,,,0.3333333333333333,,,1.0,,0.6666666666666666,0.0,0.0,,,,,,,,,,0.3333333333333333,,,,,,0.0,,,,,,,,,,,,,0.0,,,,,,,,,,,,,,,,0.6666666666666666,,,,,,,0.0,,,,0.0,,,,,1.0,,,,,0.5,,,,,,,,,,,,,,0.0,,
110,Travis Head,52.28,107.16,22.25,121.76,BAT,AUS,0.32,2.8,1.0,1.1,0.17,spinners,71.0,,,,1.0266666666666666,,1.0888888888888888,1.6111111111111112,0.9090909090909092,,,,1.5277777777777777,,,,,0.0,,,,0.0,,,1.805555555555556,1.588235294117647,,,,,,0.7804878048780488,1.3461538461538465,1.1272727272727272,,0.4444444444444444,0.0,0.0,1.1477272727272727,,1.1904761904761905,1.0,0.0,1.5593220338983051,,1.1176470588235294,,1.7727272727272727,,,,0.8235294117647058,,,,0.72,,0.0,,,,,,,,,,1.625,,,,,1.0,2.125,0.0,1.5135135135135136,,,,,0.0,,0.0,0.0,,,,,,,,,,,,0.125,,0.0,0.0,0.4,,,,0.8,,,,,0.5,,,,1.0,,,0.5,0.3333333333333333,,,,,,0.2,0.4,0.375,,0.0,0.5,0.0,0.0,,0.0,0.2857142857142857,1.0,0.1666666666666666,,0.2857142857142857,,0.0,,,,0.4,,,,0.0,,0.0,,,,,,,,,,0.0,,,,,0.0,0.5,1.0,0.2,,,,,0.6666666666666666,,0.0,0.5,,,,,,,,
111,Tristan Stubbs,9.25,51.31,53.0,81.14,BAT,SA,0.0,0.0,0.0,1.88,0.25,spinners,8.0,0.0,,0.0,0.0,0.0,,2.0,1.0833333333333333,,,,,,,,,,0.32,,,,,,0.0,,,,,,,,0.0,,,,,,0.0,,,,,,,0.0,,,,,,,,,0.0,,,0.0,,,0.0,0.0,,0.0,,0.0,,,0.0,,0.0,,0.0,,0.0,0.0,,,0.0,,,0.0,0.0,,,,,1.0,,,,,0.0,,0.0,0.0,1.0,,0.0,0.5,,,,,,,,,,0.0,,,,,,0.0,,,,,,,,0.0,,,,,,0.0,,,,,,,0.0,,,,,,,,,0.0,,,0.0,,,0.0,1.0,,0.0,,0.0,,,0.0,,1.0,,0.0,,1.0,0.0,,,0.0,,,0.5,1.0,,,,,0.0,,,,
112,Varun Chakravarthy,,,0.33,16.67,BOWL,IND,1.57,6.66,2.75,8.75,0.17,,1.0,,,,,,,,,,,,0.0,,,,,,,,,,,,,,,,,,,,,,,,,,,,,,0.0,,,,,,,,,,,,,,,,,,,,,,,,,,,,,,,,,,,,,,,,,,,,,,,,,,,,,,,,,,,,,0.0,,,,,,,,,,,,,,,,,,,,,,,,,,,,,,1.0,,,,,,,,,,,,,,,,,,,,,,,,,,,,,,,,,,,,,,,,,,,,,,,,,
113,Virat Kohli,45.51,83.45,44.75,76.26,BAT,IND,0.02,0.19,0.0,0.0,0.62,spinners,290.0,,,1.103125,0.9789473684210528,,0.9210526315789472,,,1.5,,,0.0,,,,,1.6956521739130437,0.0,1.7083333333333333,0.8807947019867549,0.9130434782608696,0.0,,,1.0731707317073171,,,,0.0,,0.0,1.152542372881356,0.8092485549132948,,,0.61,,,0.5,0.0,1.0,0.0,1.6785714285714286,,1.396551724137931,0.0,0.8292682926829268,,0.8461538461538461,0.0,0.7744107744107744,0.0,0.0,0.9444444444444444,,,1.1973684210526316,,,,1.2653061224489797,1.5,0.0,,,0.0,0.782608695652174,,0.0,1.318181818181818,,,,1.1538461538461535,1.2592592592592593,,0.0,,,0.9333333333333332,0.8823529411764706,0.0,1.0869565217391304,,,0.8076923076923077,0.0,,,,,,,0.3076923076923077,0.2777777777777778,,0.0,,,0.0,,,0.0,,,,,0.0,0.5,0.0,0.0714285714285714,0.0,0.0,,,0.0,,,,1.0,,0.0,0.0,0.0769230769230769,,,0.3333333333333333,,,0.0,0.5,0.1111111111111111,0.0,0.5,,0.125,0.0,0.25,,0.0,0.0,0.1818181818181818,0.0,0.0,0.3333333333333333,,,0.125,,,,0.1666666666666666,0.0,1.0,,,0.0,0.0,,0.0,0.25,,,,0.0,0.4,,0.0,,,0.25,0.0,1.0,0.0,,,0.0,0.0,,,,
114,Washington Sundar,24.09,97.38,16.0,95.62,ALL,IND,0.94,3.8,1.5,5.08,0.24,spinners,23.0,,,0.0,0.0,,,,,,,,0.0,,,0.0,,,,,0.0,0.0,,,,,,,,0.0,0.0,,0.0,0.0,,,,,,,,,,0.0,,0.0,,1.0666666666666669,,0.48,0.7333333333333333,0.9444444444444444,,0.0,,0.0,,0.7894736842105263,,,,,0.0,,,,,,,,,,,,0.0,,,,,,,,0.0,0.0,,,,,,,,,,,0.0,0.0,,,,,,,,0.5,,,0.0,,,,,1.0,0.0,,,,,,,,0.0,0.5,,0.5,0.0,,,,,,,,,,1.0,,0.0,,0.0,,0.0,0.0,0.2,,0.0,,0.0,,0.0,,,,,0.0,,,,,,,,,,,,1.0,,,,,,,,0.0,0.0,,,,,,,,
115,Wiaan Mulder,10.43,48.35,30.25,116.62,ALL,SA,0.56,5.89,1.25,6.11,0.38,medium pacers,23.0,,,,,,,,,0.0,,,,,,,,0.0,,0.0,,,,,,0.0,,,,,,,,,,,,0.0,,,,,,,,,,,,,,,,,,,,,,,0.56,,,,,,,,,,0.6060606060606061,,,,,0.0,,,,,,,,0.0,,,,,,0.0,,,,,,,,,,,0.0,,,,,,,,0.0,,0.5,,,,,,0.0,,,,,,,,,,,,0.0,,,,,,,,,,,,,,,,,,,,,,,0.0,,,,,,,,,,0.5,,,,,1.0,,,,,,,,1.0,,,,,,1.0,,
116,Will Young,40.0,73.5,33.75,81.85,BAT,NZ,,,,,0.48,,42.0,,0.5517241379310345,,0.0,0.8939393939393939,,,0.0,0.0,,,,,,,,0.0,,0.4736842105263157,0.0,,,0.0,,0.875,,,,,,,,0.0,,,,0.0,,,,0.75,0.8823529411764706,0.9047619047619048,,,,,0.0,1.1176470588235294,,,,1.2,0.0,0.0,,0.863013698630137,,,,0.9107142857142856,0.6363636363636364,,,,,,,,0.0,,,,,0.84375,,1.2972972972972974,,,,,0.902439024390244,0.0,,,,,,,,,,0.0,,1.0,0.0,,,1.0,1.0,,,,,,,,0.0,,0.0,0.0,,,0.0,,0.2857142857142857,,,,,,,,0.0,,,,0.0,,,,0.5,0.0,0.0,,,,,1.0,0.0,,,,0.0,0.0,1.0,,0.25,,,,0.25,0.25,,,,,,,,0.0,,,,,0.4,,0.0,,,,,0.0,0.5,,,,,,,,
117,William O'Rourke,,,1.67,37.78,BOWL,NZ,1.14,6.18,2.75,5.29,0.09,fast pacers,11.0,,,,,,,,,,,,,,,,,,,,,,,,,,,,,,,,,,,,,,,,,,,,,,,,,,,,,,,,,0.0,,,,,,,,,,,,,,,,,,,,0.0,,,,,,,,,,,,,,,,,,,,,,,,,,,,,,,,,,,,,,,,,,,,,,,,,,,,,,,,,,,,,,,,,,,,,,,1.0,,,,,,,,,,,,,,,,,,,,0.0,,,,,,,,,,,,,,
